Workbook

Sheet SCAs
C2: DADOS DO PROJETO | D2: UNIDADE: | E2: RONDONÓPOLIS/MT | H2: LEGENDA: | M2: RESUMO GERAL | N2: TOTAL ILHAS | O2: {=SUMPRODUCT((Tabela1[Ilha de Processo]<>"")/COUNTIF(Tabela1[Ilha de Processo],Tabela1[Ilha de Processo]&""))} -> 19
D3: FASE(S): | E3: 1 e 2 | H3: CÓDIGO DA EAP | N3: TOTAL DE SCAs | O3: =COUNTA(Tabela1[Sistema de Controle Ambiental]) -> 0
D4: CONTEÚDO DO DOC.: | E4: SISTEMAS DE CONTROLE AMBIENTAL | H4: LINHA DE BASE (LB) | N4: Não iniciado | O4: =COUNTIF(Tabela1[Situação],$N4) -> 0
D5: NOME DO DOC.: | E5: MAM_CHECKLIST_SCA_RND-V02 | H5: PREENCHIMENTO MANUAL ÚNICO (1x) | N5: Em andamento | O5: =COUNTIF(Tabela1[Situação],$N5) -> 0
D6: RESPONSÁVEL DA UND: | H6: FÓRMULA AUTOMÁTICA | N6: Concluído | O6: =COUNTIF(Tabela1[Situação],$N6) -> 0
D7: ÚLTIMA ATUALIZAÇÃO: | H7: PREENCHIMENTO MANUAL | N7: % A CONCLUIR | O7: =SUM(O4:O5)/O$3 -> #DIV/0!
A9: Cód. do Processo - Engenharia | B9: Macro área | C9: Ilha de Processo | D9: Processo | E9: Área Descrição MAM | F9: Fase | G9: Prazo p/ vistoria | H9: Previsto (LB) | I9: Replan | J9: Qtde de replans | K9: Desvio (dias) | L9: Cód. EAP | M9: Sistema de Controle Ambiental | N9: SCA Macro | O9: Disciplina | P9: Supervisor responsável | Q9: Gerente responsável | R9: Situação | S9: Alerta | T9: Observação
A10: =_xlfn.XLOOKUP("*"&Tabela1[[#This Row],[Processo]]&"*",'Árvore de Localização'!$H:$H,'Árvore de Localização'!$G:$G,"0000",2) -> 2123.F | B10: =_xlfn.XLOOKUP(Tabela1[[#This Row],[Processo]],'Árvore de Localização'!$D:$D,'Árvore de Localização'!$B:$B,"",0,1) -> Administração | C10: =_xlfn.XLOOKUP(Tabela1[[#This Row],[Processo]],'Árvore de Localização'!$D:$D,'Árvore de Localização'!$C:$C,"",0,1) -> Administração | D10: Almoxarifado | E10: Almoxarifado | F10: 1 | K10: =IF(OR(Tabela1[[#This Row],[Replan]]="",Tabela1[[#This Row],[Previsto (LB)]]=""),"",Tabela1[[#This Row],[Previsto (LB)]]-Tabela1[[#This Row],[Replan]]) | L10: 1.2.20.1.1 | S10: =IF(R10="Não iniciado",1,IF(R10="Em andamento",2,3)) -> 3
A11: =_xlfn.XLOOKUP("*"&Tabela1[[#This Row],[Processo]]&"*",'Árvore de Localização'!$H:$H,'Árvore de Localização'!$G:$G,"0000",2) -> 2123.F | B11: =_xlfn.XLOOKUP(Tabela1[[#This Row],[Processo]],'Árvore de Localização'!$D:$D,'Árvore de Localização'!$B:$B,"",0,1) -> Administração | C11: =_xlfn.XLOOKUP(Tabela1[[#This Row],[Processo]],'Árvore de Localização'!$D:$D,'Árvore de Localização'!$C:$C,"",0,1) -> Administração | D11: Almoxarifado | E11: Almoxarifado | F11: 1 | K11: =IF(OR(Tabela1[[#This Row],[Replan]]="",Tabela1[[#This Row],[Previsto (LB)]]=""),"",Tabela1[[#This Row],[Previsto (LB)]]-Tabela1[[#This Row],[Replan]]) | L11: 1.2.20.1.2 | S11: =IF(R11="Não iniciado",1,IF(R11="Em andamento",2,3)) -> 3
A12: =_xlfn.XLOOKUP("*"&Tabela1[[#This Row],[Processo]]&"*",'Árvore de Localização'!$H:$H,'Árvore de Localização'!$G:$G,"0000",2) -> 2123.F | B12: =_xlfn.XLOOKUP(Tabela1[[#This Row],[Processo]],'Árvore de Localização'!$D:$D,'Árvore de Localização'!$B:$B,"",0,1) -> Administração | C12: =_xlfn.XLOOKUP(Tabela1[[#This Row],[Processo]],'Árvore de Localização'!$D:$D,'Árvore de Localização'!$C:$C,"",0,1) -> Administração | D12: Almoxarifado | E12: Almoxarifado | F12: 1 | K12: =IF(OR(Tabela1[[#This Row],[Replan]]="",Tabela1[[#This Row],[Previsto (LB)]]=""),"",Tabela1[[#This Row],[Previsto (LB)]]-Tabela1[[#This Row],[Replan]]) | L12: 1.2.20.2.1 | S12: =IF(R12="Não iniciado",1,IF(R12="Em andamento",2,3)) -> 3
A13: =_xlfn.XLOOKUP("*"&Tabela1[[#This Row],[Processo]]&"*",'Árvore de Localização'!$H:$H,'Árvore de Localização'!$G:$G,"0000",2) -> 2109.C | B13: =_xlfn.XLOOKUP(Tabela1[[#This Row],[Processo]],'Árvore de Localização'!$D:$D,'Árvore de Localização'!$B:$B,"",0,1) -> DDGSeÓleo | C13: =_xlfn.XLOOKUP(Tabela1[[#This Row],[Processo]],'Árvore de Localização'!$D:$D,'Árvore de Localização'!$C:$C,"",0,1) -> Separação de Sólidos e Secagem de DDGS | D13: Armazenamento e Expedição de DDGS | E13: Armazém de DDGS | F13: 1 | K13: =IF(OR(Tabela1[[#This Row],[Replan]]="",Tabela1[[#This Row],[Previsto (LB)]]=""),"",Tabela1[[#This Row],[Previsto (LB)]]-Tabela1[[#This Row],[Replan]]) | L13: 1.2.7.1.1 | S13: =IF(R13="Não iniciado",1,IF(R13="Em andamento",2,3)) -> 3
A14: =_xlfn.XLOOKUP("*"&Tabela1[[#This Row],[Processo]]&"*",'Árvore de Localização'!$H:$H,'Árvore de Localização'!$G:$G,"0000",2) -> 2109.C | B14: =_xlfn.XLOOKUP(Tabela1[[#This Row],[Processo]],'Árvore de Localização'!$D:$D,'Árvore de Localização'!$B:$B,"",0,1) -> DDGSeÓleo | C14: =_xlfn.XLOOKUP(Tabela1[[#This Row],[Processo]],'Árvore de Localização'!$D:$D,'Árvore de Localização'!$C:$C,"",0,1) -> Separação de Sólidos e Secagem de DDGS | D14: Armazenamento e Expedição de DDGS | E14: Armazém de DDGS | F14: 1 | K14: =IF(OR(Tabela1[[#This Row],[Replan]]="",Tabela1[[#This Row],[Previsto (LB)]]=""),"",Tabela1[[#This Row],[Previsto (LB)]]-Tabela1[[#This Row],[Replan]]) | L14: 1.2.7.1.2 | S14: =IF(R14="Não iniciado",1,IF(R14="Em andamento",2,3)) -> 3
A15: =_xlfn.XLOOKUP("*"&Tabela1[[#This Row],[Processo]]&"*",'Árvore de Localização'!$H:$H,'Árvore de Localização'!$G:$G,"0000",2) -> 2109.C | B15: =_xlfn.XLOOKUP(Tabela1[[#This Row],[Processo]],'Árvore de Localização'!$D:$D,'Árvore de Localização'!$B:$B,"",0,1) -> DDGSeÓleo | C15: =_xlfn.XLOOKUP(Tabela1[[#This Row],[Processo]],'Árvore de Localização'!$D:$D,'Árvore de Localização'!$C:$C,"",0,1) -> Separação de Sólidos e Secagem de DDGS | D15: Armazenamento e Expedição de DDGS | E15: Armazém de DDGS | F15: 1 | K15: =IF(OR(Tabela1[[#This Row],[Replan]]="",Tabela1[[#This Row],[Previsto (LB)]]=""),"",Tabela1[[#This Row],[Previsto (LB)]]-Tabela1[[#This Row],[Replan]]) | L15: 1.2.7.1.3 | S15: =IF(R15="Não iniciado",1,IF(R15="Em andamento",2,3)) -> 3
A16: =_xlfn.XLOOKUP("*"&Tabela1[[#This Row],[Processo]]&"*",'Árvore de Localização'!$H:$H,'Árvore de Localização'!$G:$G,"0000",2) -> 2119. | B16: =_xlfn.XLOOKUP(Tabela1[[#This Row],[Processo]],'Árvore de Localização'!$D:$D,'Árvore de Localização'!$B:$B,"",0,1) -> Grãos | C16: =_xlfn.XLOOKUP(Tabela1[[#This Row],[Processo]],'Árvore de Localização'!$D:$D,'Árvore de Localização'!$C:$C,"",0,1) -> Descarregamento e Armazenamento de Grãos | D16: Armazenamento de Grãos | E16: Armazém de Milho | F16: 1 | K16: =IF(OR(Tabela1[[#This Row],[Replan]]="",Tabela1[[#This Row],[Previsto (LB)]]=""),"",Tabela1[[#This Row],[Previsto (LB)]]-Tabela1[[#This Row],[Replan]]) | L16: 1.2.19.1.1 | S16: =IF(R16="Não iniciado",1,IF(R16="Em andamento",2,3)) -> 3
A17: =_xlfn.XLOOKUP("*"&Tabela1[[#This Row],[Processo]]&"*",'Árvore de Localização'!$H:$H,'Árvore de Localização'!$G:$G,"0000",2) -> 2119. | B17: =_xlfn.XLOOKUP(Tabela1[[#This Row],[Processo]],'Árvore de Localização'!$D:$D,'Árvore de Localização'!$B:$B,"",0,1) -> Grãos | C17: =_xlfn.XLOOKUP(Tabela1[[#This Row],[Processo]],'Árvore de Localização'!$D:$D,'Árvore de Localização'!$C:$C,"",0,1) -> Descarregamento e Armazenamento de Grãos | D17: Armazenamento de Grãos | E17: Armazém de Milho | F17: 1 | K17: =IF(OR(Tabela1[[#This Row],[Replan]]="",Tabela1[[#This Row],[Previsto (LB)]]=""),"",Tabela1[[#This Row],[Previsto (LB)]]-Tabela1[[#This Row],[Replan]]) | L17: 1.2.19.1.2 | S17: =IF(R17="Não iniciado",1,IF(R17="Em andamento",2,3)) -> 3
A18: =_xlfn.XLOOKUP("*"&Tabela1[[#This Row],[Processo]]&"*",'Árvore de Localização'!$H:$H,'Árvore de Localização'!$G:$G,"0000",2) -> 2119. | B18: =_xlfn.XLOOKUP(Tabela1[[#This Row],[Processo]],'Árvore de Localização'!$D:$D,'Árvore de Localização'!$B:$B,"",0,1) -> Grãos | C18: =_xlfn.XLOOKUP(Tabela1[[#This Row],[Processo]],'Árvore de Localização'!$D:$D,'Árvore de Localização'!$C:$C,"",0,1) -> Descarregamento e Armazenamento de Grãos | D18: Armazenamento de Grãos | E18: Armazém de Milho | F18: 1 | K18: =IF(OR(Tabela1[[#This Row],[Replan]]="",Tabela1[[#This Row],[Previsto (LB)]]=""),"",Tabela1[[#This Row],[Previsto (LB)]]-Tabela1[[#This Row],[Replan]]) | L18: 1.2.19.1.3 | S18: =IF(R18="Não iniciado",1,IF(R18="Em andamento",2,3)) -> 3
A19: =_xlfn.XLOOKUP("*"&Tabela1[[#This Row],[Processo]]&"*",'Árvore de Localização'!$H:$H,'Árvore de Localização'!$G:$G,"0000",2) -> 2100.C | B19: =_xlfn.XLOOKUP(Tabela1[[#This Row],[Processo]],'Árvore de Localização'!$D:$D,'Árvore de Localização'!$B:$B,"",0,1) -> Geral | C19: =_xlfn.XLOOKUP(Tabela1[[#This Row],[Processo]],'Árvore de Localização'!$D:$D,'Árvore de Localização'!$C:$C,"",0,1) -> Geral | D19: Drenagem | E19: Bacia Pluvial | F19: Ambas | K19: =IF(OR(Tabela1[[#This Row],[Replan]]="",Tabela1[[#This Row],[Previsto (LB)]]=""),"",Tabela1[[#This Row],[Previsto (LB)]]-Tabela1[[#This Row],[Replan]]) | L19: 1.2.1.1.1 | S19: =IF(R19="Não iniciado",1,IF(R19="Em andamento",2,3)) -> 3
A20: =_xlfn.XLOOKUP("*"&Tabela1[[#This Row],[Processo]]&"*",'Árvore de Localização'!$H:$H,'Árvore de Localização'!$G:$G,"0000",2) -> 2100.C | B20: =_xlfn.XLOOKUP(Tabela1[[#This Row],[Processo]],'Árvore de Localização'!$D:$D,'Árvore de Localização'!$B:$B,"",0,1) -> Geral | C20: =_xlfn.XLOOKUP(Tabela1[[#This Row],[Processo]],'Árvore de Localização'!$D:$D,'Árvore de Localização'!$C:$C,"",0,1) -> Geral | D20: Drenagem | E20: Bacia Pluvial | F20: Ambas | K20: =IF(OR(Tabela1[[#This Row],[Replan]]="",Tabela1[[#This Row],[Previsto (LB)]]=""),"",Tabela1[[#This Row],[Previsto (LB)]]-Tabela1[[#This Row],[Replan]]) | L20: 1.2.1.1.2 | S20: =IF(R20="Não iniciado",1,IF(R20="Em andamento",2,3)) -> 3
A21: =_xlfn.XLOOKUP("*"&Tabela1[[#This Row],[Processo]]&"*",'Árvore de Localização'!$H:$H,'Árvore de Localização'!$G:$G,"0000",2) -> 2100.C | B21: =_xlfn.XLOOKUP(Tabela1[[#This Row],[Processo]],'Árvore de Localização'!$D:$D,'Árvore de Localização'!$B:$B,"",0,1) -> Geral | C21: =_xlfn.XLOOKUP(Tabela1[[#This Row],[Processo]],'Árvore de Localização'!$D:$D,'Árvore de Localização'!$C:$C,"",0,1) -> Geral | D21: Drenagem | E21: Bacia Pluvial | F21: Ambas | K21: =IF(OR(Tabela1[[#This Row],[Replan]]="",Tabela1[[#This Row],[Previsto (LB)]]=""),"",Tabela1[[#This Row],[Previsto (LB)]]-Tabela1[[#This Row],[Replan]]) | L21: 1.2.1.1.3 | S21: =IF(R21="Não iniciado",1,IF(R21="Em andamento",2,3)) -> 3
A22: =_xlfn.XLOOKUP("*"&Tabela1[[#This Row],[Processo]]&"*",'Árvore de Localização'!$H:$H,'Árvore de Localização'!$G:$G,"0000",2) -> 2100.C | B22: =_xlfn.XLOOKUP(Tabela1[[#This Row],[Processo]],'Árvore de Localização'!$D:$D,'Árvore de Localização'!$B:$B,"",0,1) -> Geral | C22: =_xlfn.XLOOKUP(Tabela1[[#This Row],[Processo]],'Árvore de Localização'!$D:$D,'Árvore de Localização'!$C:$C,"",0,1) -> Geral | D22: Drenagem | E22: Bacia Pluvial | F22: Ambas | K22: =IF(OR(Tabela1[[#This Row],[Replan]]="",Tabela1[[#This Row],[Previsto (LB)]]=""),"",Tabela1[[#This Row],[Previsto (LB)]]-Tabela1[[#This Row],[Replan]]) | L22: 1.2.1.1.4 | S22: =IF(R22="Não iniciado",1,IF(R22="Em andamento",2,3)) -> 3
A23: =_xlfn.XLOOKUP("*"&Tabela1[[#This Row],[Processo]]&"*",'Árvore de Localização'!$H:$H,'Árvore de Localização'!$G:$G,"0000",2) -> 2100.C | B23: =_xlfn.XLOOKUP(Tabela1[[#This Row],[Processo]],'Árvore de Localização'!$D:$D,'Árvore de Localização'!$B:$B,"",0,1) -> Geral | C23: =_xlfn.XLOOKUP(Tabela1[[#This Row],[Processo]],'Árvore de Localização'!$D:$D,'Árvore de Localização'!$C:$C,"",0,1) -> Geral | D23: Drenagem | E23: Bacia Pluvial | F23: Ambas | K23: =IF(OR(Tabela1[[#This Row],[Replan]]="",Tabela1[[#This Row],[Previsto (LB)]]=""),"",Tabela1[[#This Row],[Previsto (LB)]]-Tabela1[[#This Row],[Replan]]) | L23: 1.2.1.3.1 | S23: =IF(R23="Não iniciado",1,IF(R23="Em andamento",2,3)) -> 3
A24: =_xlfn.XLOOKUP("*"&Tabela1[[#This Row],[Processo]]&"*",'Árvore de Localização'!$H:$H,'Árvore de Localização'!$G:$G,"0000",2) -> 2100.C | B24: =_xlfn.XLOOKUP(Tabela1[[#This Row],[Processo]],'Árvore de Localização'!$D:$D,'Árvore de Localização'!$B:$B,"",0,1) -> Geral | C24: =_xlfn.XLOOKUP(Tabela1[[#This Row],[Processo]],'Árvore de Localização'!$D:$D,'Árvore de Localização'!$C:$C,"",0,1) -> Geral | D24: Drenagem | E24: Bacia Pluvial | F24: Ambas | K24: =IF(OR(Tabela1[[#This Row],[Replan]]="",Tabela1[[#This Row],[Previsto (LB)]]=""),"",Tabela1[[#This Row],[Previsto (LB)]]-Tabela1[[#This Row],[Replan]]) | L24: 1.2.1.1.5 | S24: =IF(R24="Não iniciado",1,IF(R24="Em andamento",2,3)) -> 3
A25: =_xlfn.XLOOKUP("*"&Tabela1[[#This Row],[Processo]]&"*",'Árvore de Localização'!$H:$H,'Árvore de Localização'!$G:$G,"0000",2) -> 2110.D | B25: =_xlfn.XLOOKUP(Tabela1[[#This Row],[Processo]],'Árvore de Localização'!$D:$D,'Árvore de Localização'!$B:$B,"",0,1) -> Utilidades | C25: =_xlfn.XLOOKUP(Tabela1[[#This Row],[Processo]],'Árvore de Localização'!$D:$D,'Árvore de Localização'!$C:$C,"",0,1) -> Estação de Tratamento de Água (ETA) | D25: Água Potável | E25: Caixa d'água | F25: Ambas | K25: =IF(OR(Tabela1[[#This Row],[Replan]]="",Tabela1[[#This Row],[Previsto (LB)]]=""),"",Tabela1[[#This Row],[Previsto (LB)]]-Tabela1[[#This Row],[Replan]]) | L25: 1.2.14.1.1 | S25: =IF(R25="Não iniciado",1,IF(R25="Em andamento",2,3)) -> 3
A26: =_xlfn.XLOOKUP("*"&Tabela1[[#This Row],[Processo]]&"*",'Árvore de Localização'!$H:$H,'Árvore de Localização'!$G:$G,"0000",2) -> 2110.D | B26: =_xlfn.XLOOKUP(Tabela1[[#This Row],[Processo]],'Árvore de Localização'!$D:$D,'Árvore de Localização'!$B:$B,"",0,1) -> Utilidades | C26: =_xlfn.XLOOKUP(Tabela1[[#This Row],[Processo]],'Árvore de Localização'!$D:$D,'Árvore de Localização'!$C:$C,"",0,1) -> Estação de Tratamento de Água (ETA) | D26: Água Potável | E26: Caixa d'água | F26: Ambas | K26: =IF(OR(Tabela1[[#This Row],[Replan]]="",Tabela1[[#This Row],[Previsto (LB)]]=""),"",Tabela1[[#This Row],[Previsto (LB)]]-Tabela1[[#This Row],[Replan]]) | L26: 1.2.14.3.1 | S26: =IF(R26="Não iniciado",1,IF(R26="Em andamento",2,3)) -> 3
A27: =_xlfn.XLOOKUP("*"&Tabela1[[#This Row],[Processo]]&"*",'Árvore de Localização'!$H:$H,'Árvore de Localização'!$G:$G,"0000",2) -> 2110.D | B27: =_xlfn.XLOOKUP(Tabela1[[#This Row],[Processo]],'Árvore de Localização'!$D:$D,'Árvore de Localização'!$B:$B,"",0,1) -> Utilidades | C27: =_xlfn.XLOOKUP(Tabela1[[#This Row],[Processo]],'Árvore de Localização'!$D:$D,'Árvore de Localização'!$C:$C,"",0,1) -> Estação de Tratamento de Água (ETA) | D27: Água Potável | E27: Caixa d'água | F27: Ambas | K27: =IF(OR(Tabela1[[#This Row],[Replan]]="",Tabela1[[#This Row],[Previsto (LB)]]=""),"",Tabela1[[#This Row],[Previsto (LB)]]-Tabela1[[#This Row],[Replan]]) | L27: 1.2.14.1.2 | S27: =IF(R27="Não iniciado",1,IF(R27="Em andamento",2,3)) -> 3
A28: =_xlfn.XLOOKUP("*"&Tabela1[[#This Row],[Processo]]&"*",'Árvore de Localização'!$H:$H,'Árvore de Localização'!$G:$G,"0000",2) -> 2110.D | B28: =_xlfn.XLOOKUP(Tabela1[[#This Row],[Processo]],'Árvore de Localização'!$D:$D,'Árvore de Localização'!$B:$B,"",0,1) -> Utilidades | C28: =_xlfn.XLOOKUP(Tabela1[[#This Row],[Processo]],'Árvore de Localização'!$D:$D,'Árvore de Localização'!$C:$C,"",0,1) -> Estação de Tratamento de Água (ETA) | D28: Água Potável | E28: Caixa d'água | F28: Ambas | K28: =IF(OR(Tabela1[[#This Row],[Replan]]="",Tabela1[[#This Row],[Previsto (LB)]]=""),"",Tabela1[[#This Row],[Previsto (LB)]]-Tabela1[[#This Row],[Replan]]) | L28: 1.2.14.1.3 | S28: =IF(R28="Não iniciado",1,IF(R28="Em andamento",2,3)) -> 3
A29: =_xlfn.XLOOKUP("*"&Tabela1[[#This Row],[Processo]]&"*",'Árvore de Localização'!$H:$H,'Árvore de Localização'!$G:$G,"0000",2) -> 2101.A | B29: =_xlfn.XLOOKUP(Tabela1[[#This Row],[Processo]],'Árvore de Localização'!$D:$D,'Árvore de Localização'!$B:$B,"",0,1) -> Utilidades | C29: =_xlfn.XLOOKUP(Tabela1[[#This Row],[Processo]],'Árvore de Localização'!$D:$D,'Árvore de Localização'!$C:$C,"",0,1) -> Geração de Vapor | D29: Caldeira | E29: Caldeira | F29: 1 | K29: =IF(OR(Tabela1[[#This Row],[Replan]]="",Tabela1[[#This Row],[Previsto (LB)]]=""),"",Tabela1[[#This Row],[Previsto (LB)]]-Tabela1[[#This Row],[Replan]]) | L29: 1.2.11.1.1 | S29: =IF(R29="Não iniciado",1,IF(R29="Em andamento",2,3)) -> 3
A30: =_xlfn.XLOOKUP("*"&Tabela1[[#This Row],[Processo]]&"*",'Árvore de Localização'!$H:$H,'Árvore de Localização'!$G:$G,"0000",2) -> 2101.A | B30: =_xlfn.XLOOKUP(Tabela1[[#This Row],[Processo]],'Árvore de Localização'!$D:$D,'Árvore de Localização'!$B:$B,"",0,1) -> Utilidades | C30: =_xlfn.XLOOKUP(Tabela1[[#This Row],[Processo]],'Árvore de Localização'!$D:$D,'Árvore de Localização'!$C:$C,"",0,1) -> Geração de Vapor | D30: Caldeira | E30: Caldeira | F30: 1 | K30: =IF(OR(Tabela1[[#This Row],[Replan]]="",Tabela1[[#This Row],[Previsto (LB)]]=""),"",Tabela1[[#This Row],[Previsto (LB)]]-Tabela1[[#This Row],[Replan]]) | L30: 1.2.11.3.1 | S30: =IF(R30="Não iniciado",1,IF(R30="Em andamento",2,3)) -> 3
A31: =_xlfn.XLOOKUP("*"&Tabela1[[#This Row],[Processo]]&"*",'Árvore de Localização'!$H:$H,'Árvore de Localização'!$G:$G,"0000",2) -> 2101.A | B31: =_xlfn.XLOOKUP(Tabela1[[#This Row],[Processo]],'Árvore de Localização'!$D:$D,'Árvore de Localização'!$B:$B,"",0,1) -> Utilidades | C31: =_xlfn.XLOOKUP(Tabela1[[#This Row],[Processo]],'Árvore de Localização'!$D:$D,'Árvore de Localização'!$C:$C,"",0,1) -> Geração de Vapor | D31: Caldeira | E31: Caldeira | F31: 1 | K31: =IF(OR(Tabela1[[#This Row],[Replan]]="",Tabela1[[#This Row],[Previsto (LB)]]=""),"",Tabela1[[#This Row],[Previsto (LB)]]-Tabela1[[#This Row],[Replan]]) | L31: 1.2.11.2.1 | S31: =IF(R31="Não iniciado",1,IF(R31="Em andamento",2,3)) -> 3
A32: =_xlfn.XLOOKUP("*"&Tabela1[[#This Row],[Processo]]&"*",'Árvore de Localização'!$H:$H,'Árvore de Localização'!$G:$G,"0000",2) -> 2101.A | B32: =_xlfn.XLOOKUP(Tabela1[[#This Row],[Processo]],'Árvore de Localização'!$D:$D,'Árvore de Localização'!$B:$B,"",0,1) -> Utilidades | C32: =_xlfn.XLOOKUP(Tabela1[[#This Row],[Processo]],'Árvore de Localização'!$D:$D,'Árvore de Localização'!$C:$C,"",0,1) -> Geração de Vapor | D32: Caldeira | E32: Caldeira | F32: 1 | K32: =IF(OR(Tabela1[[#This Row],[Replan]]="",Tabela1[[#This Row],[Previsto (LB)]]=""),"",Tabela1[[#This Row],[Previsto (LB)]]-Tabela1[[#This Row],[Replan]]) | L32: 1.2.11.5.1 | S32: =IF(R32="Não iniciado",1,IF(R32="Em andamento",2,3)) -> 3
A33: =_xlfn.XLOOKUP("*"&Tabela1[[#This Row],[Processo]]&"*",'Árvore de Localização'!$H:$H,'Árvore de Localização'!$G:$G,"0000",2) -> 2101.A | B33: =_xlfn.XLOOKUP(Tabela1[[#This Row],[Processo]],'Árvore de Localização'!$D:$D,'Árvore de Localização'!$B:$B,"",0,1) -> Utilidades | C33: =_xlfn.XLOOKUP(Tabela1[[#This Row],[Processo]],'Árvore de Localização'!$D:$D,'Árvore de Localização'!$C:$C,"",0,1) -> Geração de Vapor | D33: Caldeira | E33: Caldeira | F33: 1 | K33: =IF(OR(Tabela1[[#This Row],[Replan]]="",Tabela1[[#This Row],[Previsto (LB)]]=""),"",Tabela1[[#This Row],[Previsto (LB)]]-Tabela1[[#This Row],[Replan]]) | L33: 1.2.11.1.2 | S33: =IF(R33="Não iniciado",1,IF(R33="Em andamento",2,3)) -> 3
A34: =_xlfn.XLOOKUP("*"&Tabela1[[#This Row],[Processo]]&"*",'Árvore de Localização'!$H:$H,'Árvore de Localização'!$G:$G,"0000",2) -> 2101.A | B34: =_xlfn.XLOOKUP(Tabela1[[#This Row],[Processo]],'Árvore de Localização'!$D:$D,'Árvore de Localização'!$B:$B,"",0,1) -> Utilidades | C34: =_xlfn.XLOOKUP(Tabela1[[#This Row],[Processo]],'Árvore de Localização'!$D:$D,'Árvore de Localização'!$C:$C,"",0,1) -> Geração de Vapor | D34: Caldeira | E34: Caldeira | F34: 1 | K34: =IF(OR(Tabela1[[#This Row],[Replan]]="",Tabela1[[#This Row],[Previsto (LB)]]=""),"",Tabela1[[#This Row],[Previsto (LB)]]-Tabela1[[#This Row],[Replan]]) | L34: 1.2.11.2.2 | S34: =IF(R34="Não iniciado",1,IF(R34="Em andamento",2,3)) -> 3
A35: =_xlfn.XLOOKUP("*"&Tabela1[[#This Row],[Processo]]&"*",'Árvore de Localização'!$H:$H,'Árvore de Localização'!$G:$G,"0000",2) -> 2101.A | B35: =_xlfn.XLOOKUP(Tabela1[[#This Row],[Processo]],'Árvore de Localização'!$D:$D,'Árvore de Localização'!$B:$B,"",0,1) -> Utilidades | C35: =_xlfn.XLOOKUP(Tabela1[[#This Row],[Processo]],'Árvore de Localização'!$D:$D,'Árvore de Localização'!$C:$C,"",0,1) -> Geração de Vapor | D35: Caldeira | E35: Caldeira | F35: 1 | K35: =IF(OR(Tabela1[[#This Row],[Replan]]="",Tabela1[[#This Row],[Previsto (LB)]]=""),"",Tabela1[[#This Row],[Previsto (LB)]]-Tabela1[[#This Row],[Replan]]) | L35: 1.2.11.1.3 | S35: =IF(R35="Não iniciado",1,IF(R35="Em andamento",2,3)) -> 3
A36: =_xlfn.XLOOKUP("*"&Tabela1[[#This Row],[Processo]]&"*",'Árvore de Localização'!$H:$H,'Árvore de Localização'!$G:$G,"0000",2) -> 2101.A | B36: =_xlfn.XLOOKUP(Tabela1[[#This Row],[Processo]],'Árvore de Localização'!$D:$D,'Árvore de Localização'!$B:$B,"",0,1) -> Utilidades | C36: =_xlfn.XLOOKUP(Tabela1[[#This Row],[Processo]],'Árvore de Localização'!$D:$D,'Árvore de Localização'!$C:$C,"",0,1) -> Geração de Vapor | D36: Caldeira | E36: Caldeira | F36: 1 | K36: =IF(OR(Tabela1[[#This Row],[Replan]]="",Tabela1[[#This Row],[Previsto (LB)]]=""),"",Tabela1[[#This Row],[Previsto (LB)]]-Tabela1[[#This Row],[Replan]]) | L36: 1.2.11.3.2 | S36: =IF(R36="Não iniciado",1,IF(R36="Em andamento",2,3)) -> 3
A37: =_xlfn.XLOOKUP("*"&Tabela1[[#This Row],[Processo]]&"*",'Árvore de Localização'!$H:$H,'Árvore de Localização'!$G:$G,"0000",2) -> 2101.A | B37: =_xlfn.XLOOKUP(Tabela1[[#This Row],[Processo]],'Árvore de Localização'!$D:$D,'Árvore de Localização'!$B:$B,"",0,1) -> Utilidades | C37: =_xlfn.XLOOKUP(Tabela1[[#This Row],[Processo]],'Árvore de Localização'!$D:$D,'Árvore de Localização'!$C:$C,"",0,1) -> Geração de Vapor | D37: Caldeira | E37: Caldeira | F37: 1 | K37: =IF(OR(Tabela1[[#This Row],[Replan]]="",Tabela1[[#This Row],[Previsto (LB)]]=""),"",Tabela1[[#This Row],[Previsto (LB)]]-Tabela1[[#This Row],[Replan]]) | L37: 1.2.11.2.3 | S37: =IF(R37="Não iniciado",1,IF(R37="Em andamento",2,3)) -> 3
A38: =_xlfn.XLOOKUP("*"&Tabela1[[#This Row],[Processo]]&"*",'Árvore de Localização'!$H:$H,'Árvore de Localização'!$G:$G,"0000",2) -> 2101.A | B38: =_xlfn.XLOOKUP(Tabela1[[#This Row],[Processo]],'Árvore de Localização'!$D:$D,'Árvore de Localização'!$B:$B,"",0,1) -> Utilidades | C38: =_xlfn.XLOOKUP(Tabela1[[#This Row],[Processo]],'Árvore de Localização'!$D:$D,'Árvore de Localização'!$C:$C,"",0,1) -> Geração de Vapor | D38: Caldeira | E38: Caldeira | F38: 1 | K38: =IF(OR(Tabela1[[#This Row],[Replan]]="",Tabela1[[#This Row],[Previsto (LB)]]=""),"",Tabela1[[#This Row],[Previsto (LB)]]-Tabela1[[#This Row],[Replan]]) | L38: 1.2.11.1.4 | S38: =IF(R38="Não iniciado",1,IF(R38="Em andamento",2,3)) -> 3
A39: =_xlfn.XLOOKUP("*"&Tabela1[[#This Row],[Processo]]&"*",'Árvore de Localização'!$H:$H,'Árvore de Localização'!$G:$G,"0000",2) -> 2104.A | B39: =_xlfn.XLOOKUP(Tabela1[[#This Row],[Processo]],'Árvore de Localização'!$D:$D,'Árvore de Localização'!$B:$B,"",0,1) -> Utilidades | C39: =_xlfn.XLOOKUP(Tabela1[[#This Row],[Processo]],'Árvore de Localização'!$D:$D,'Árvore de Localização'!$C:$C,"",0,1) -> Geração de Energia | D39: Casa de Força | E39: Casa de Força | F39: Ambas | K39: =IF(OR(Tabela1[[#This Row],[Replan]]="",Tabela1[[#This Row],[Previsto (LB)]]=""),"",Tabela1[[#This Row],[Previsto (LB)]]-Tabela1[[#This Row],[Replan]]) | L39: 1.2.12.1.1 | S39: =IF(R39="Não iniciado",1,IF(R39="Em andamento",2,3)) -> 3
A40: =_xlfn.XLOOKUP("*"&Tabela1[[#This Row],[Processo]]&"*",'Árvore de Localização'!$H:$H,'Árvore de Localização'!$G:$G,"0000",2) -> 2104.A | B40: =_xlfn.XLOOKUP(Tabela1[[#This Row],[Processo]],'Árvore de Localização'!$D:$D,'Árvore de Localização'!$B:$B,"",0,1) -> Utilidades | C40: =_xlfn.XLOOKUP(Tabela1[[#This Row],[Processo]],'Árvore de Localização'!$D:$D,'Árvore de Localização'!$C:$C,"",0,1) -> Geração de Energia | D40: Casa de Força | E40: Casa de Força | F40: Ambas | K40: =IF(OR(Tabela1[[#This Row],[Replan]]="",Tabela1[[#This Row],[Previsto (LB)]]=""),"",Tabela1[[#This Row],[Previsto (LB)]]-Tabela1[[#This Row],[Replan]]) | L40: 1.2.12.2.1 | S40: =IF(R40="Não iniciado",1,IF(R40="Em andamento",2,3)) -> 3
A41: =_xlfn.XLOOKUP("*"&Tabela1[[#This Row],[Processo]]&"*",'Árvore de Localização'!$H:$H,'Árvore de Localização'!$G:$G,"0000",2) -> 2104.A | B41: =_xlfn.XLOOKUP(Tabela1[[#This Row],[Processo]],'Árvore de Localização'!$D:$D,'Árvore de Localização'!$B:$B,"",0,1) -> Utilidades | C41: =_xlfn.XLOOKUP(Tabela1[[#This Row],[Processo]],'Árvore de Localização'!$D:$D,'Árvore de Localização'!$C:$C,"",0,1) -> Geração de Energia | D41: Casa de Força | E41: Casa de Força | F41: Ambas | K41: =IF(OR(Tabela1[[#This Row],[Replan]]="",Tabela1[[#This Row],[Previsto (LB)]]=""),"",Tabela1[[#This Row],[Previsto (LB)]]-Tabela1[[#This Row],[Replan]]) | L41: 1.2.12.1.2 | S41: =IF(R41="Não iniciado",1,IF(R41="Em andamento",2,3)) -> 3
A42: =_xlfn.XLOOKUP("*"&Tabela1[[#This Row],[Processo]]&"*",'Árvore de Localização'!$H:$H,'Árvore de Localização'!$G:$G,"0000",2) -> 2104.A | B42: =_xlfn.XLOOKUP(Tabela1[[#This Row],[Processo]],'Árvore de Localização'!$D:$D,'Árvore de Localização'!$B:$B,"",0,1) -> Utilidades | C42: =_xlfn.XLOOKUP(Tabela1[[#This Row],[Processo]],'Árvore de Localização'!$D:$D,'Árvore de Localização'!$C:$C,"",0,1) -> Geração de Energia | D42: Casa de Força | E42: Casa de Força | F42: Ambas | K42: =IF(OR(Tabela1[[#This Row],[Replan]]="",Tabela1[[#This Row],[Previsto (LB)]]=""),"",Tabela1[[#This Row],[Previsto (LB)]]-Tabela1[[#This Row],[Replan]]) | L42: 1.2.12.1.3 | S42: =IF(R42="Não iniciado",1,IF(R42="Em andamento",2,3)) -> 3
A43: =_xlfn.XLOOKUP("*"&Tabela1[[#This Row],[Processo]]&"*",'Árvore de Localização'!$H:$H,'Árvore de Localização'!$G:$G,"0000",2) -> 2104.A | B43: =_xlfn.XLOOKUP(Tabela1[[#This Row],[Processo]],'Árvore de Localização'!$D:$D,'Árvore de Localização'!$B:$B,"",0,1) -> Utilidades | C43: =_xlfn.XLOOKUP(Tabela1[[#This Row],[Processo]],'Árvore de Localização'!$D:$D,'Árvore de Localização'!$C:$C,"",0,1) -> Geração de Energia | D43: Casa de Força | E43: Casa de Força | F43: Ambas | K43: =IF(OR(Tabela1[[#This Row],[Replan]]="",Tabela1[[#This Row],[Previsto (LB)]]=""),"",Tabela1[[#This Row],[Previsto (LB)]]-Tabela1[[#This Row],[Replan]]) | L43: 1.2.12.3.1 | S43: =IF(R43="Não iniciado",1,IF(R43="Em andamento",2,3)) -> 3
A44: =_xlfn.XLOOKUP("*"&Tabela1[[#This Row],[Processo]]&"*",'Árvore de Localização'!$H:$H,'Árvore de Localização'!$G:$G,"0000",2) -> 2104.A | B44: =_xlfn.XLOOKUP(Tabela1[[#This Row],[Processo]],'Árvore de Localização'!$D:$D,'Árvore de Localização'!$B:$B,"",0,1) -> Utilidades | C44: =_xlfn.XLOOKUP(Tabela1[[#This Row],[Processo]],'Árvore de Localização'!$D:$D,'Árvore de Localização'!$C:$C,"",0,1) -> Geração de Energia | D44: Casa de Força | E44: Casa de Força | F44: Ambas | K44: =IF(OR(Tabela1[[#This Row],[Replan]]="",Tabela1[[#This Row],[Previsto (LB)]]=""),"",Tabela1[[#This Row],[Previsto (LB)]]-Tabela1[[#This Row],[Replan]]) | L44: 1.2.12.2.2 | S44: =IF(R44="Não iniciado",1,IF(R44="Em andamento",2,3)) -> 3
A45: =_xlfn.XLOOKUP("*"&Tabela1[[#This Row],[Processo]]&"*",'Árvore de Localização'!$H:$H,'Árvore de Localização'!$G:$G,"0000",2) -> 2104.A | B45: =_xlfn.XLOOKUP(Tabela1[[#This Row],[Processo]],'Árvore de Localização'!$D:$D,'Árvore de Localização'!$B:$B,"",0,1) -> Utilidades | C45: =_xlfn.XLOOKUP(Tabela1[[#This Row],[Processo]],'Árvore de Localização'!$D:$D,'Árvore de Localização'!$C:$C,"",0,1) -> Geração de Energia | D45: Casa de Força | E45: Casa de Força | F45: Ambas | K45: =IF(OR(Tabela1[[#This Row],[Replan]]="",Tabela1[[#This Row],[Previsto (LB)]]=""),"",Tabela1[[#This Row],[Previsto (LB)]]-Tabela1[[#This Row],[Replan]]) | L45: 1.2.12.1.4 | S45: =IF(R45="Não iniciado",1,IF(R45="Em andamento",2,3)) -> 3
A46: =_xlfn.XLOOKUP("*"&Tabela1[[#This Row],[Processo]]&"*",'Árvore de Localização'!$H:$H,'Árvore de Localização'!$G:$G,"0000",2) -> 2127.A | B46: =_xlfn.XLOOKUP(Tabela1[[#This Row],[Processo]],'Árvore de Localização'!$D:$D,'Árvore de Localização'!$B:$B,"",0,1) -> Etanol | C46: =_xlfn.XLOOKUP(Tabela1[[#This Row],[Processo]],'Árvore de Localização'!$D:$D,'Árvore de Localização'!$C:$C,"",0,1) -> Armazenamento e Expedição de Etanol | D46: Armazenamento de Etanol | E46: Casa de Bombas - LGE | F46: Ambas | K46: =IF(OR(Tabela1[[#This Row],[Replan]]="",Tabela1[[#This Row],[Previsto (LB)]]=""),"",Tabela1[[#This Row],[Previsto (LB)]]-Tabela1[[#This Row],[Replan]]) | L46: 1.2.6.1.1 | S46: =IF(R46="Não iniciado",1,IF(R46="Em andamento",2,3)) -> 3
A47: =_xlfn.XLOOKUP("*"&Tabela1[[#This Row],[Processo]]&"*",'Árvore de Localização'!$H:$H,'Árvore de Localização'!$G:$G,"0000",2) -> 2127.A | B47: =_xlfn.XLOOKUP(Tabela1[[#This Row],[Processo]],'Árvore de Localização'!$D:$D,'Árvore de Localização'!$B:$B,"",0,1) -> Etanol | C47: =_xlfn.XLOOKUP(Tabela1[[#This Row],[Processo]],'Árvore de Localização'!$D:$D,'Árvore de Localização'!$C:$C,"",0,1) -> Armazenamento e Expedição de Etanol | D47: Armazenamento de Etanol | E47: Casa de Bombas - LGE | F47: Ambas | K47: =IF(OR(Tabela1[[#This Row],[Replan]]="",Tabela1[[#This Row],[Previsto (LB)]]=""),"",Tabela1[[#This Row],[Previsto (LB)]]-Tabela1[[#This Row],[Replan]]) | L47: 1.2.6.1.2 | S47: =IF(R47="Não iniciado",1,IF(R47="Em andamento",2,3)) -> 3
A48: =_xlfn.XLOOKUP("*"&Tabela1[[#This Row],[Processo]]&"*",'Árvore de Localização'!$H:$H,'Árvore de Localização'!$G:$G,"0000",2) -> 2127.A | B48: =_xlfn.XLOOKUP(Tabela1[[#This Row],[Processo]],'Árvore de Localização'!$D:$D,'Árvore de Localização'!$B:$B,"",0,1) -> Etanol | C48: =_xlfn.XLOOKUP(Tabela1[[#This Row],[Processo]],'Árvore de Localização'!$D:$D,'Árvore de Localização'!$C:$C,"",0,1) -> Armazenamento e Expedição de Etanol | D48: Armazenamento de Etanol | E48: Casa de Bombas - LGE | F48: Ambas | K48: =IF(OR(Tabela1[[#This Row],[Replan]]="",Tabela1[[#This Row],[Previsto (LB)]]=""),"",Tabela1[[#This Row],[Previsto (LB)]]-Tabela1[[#This Row],[Replan]]) | L48: 1.2.6.3.1 | S48: =IF(R48="Não iniciado",1,IF(R48="Em andamento",2,3)) -> 3
A49: =_xlfn.XLOOKUP("*"&Tabela1[[#This Row],[Processo]]&"*",'Árvore de Localização'!$H:$H,'Árvore de Localização'!$G:$G,"0000",2) -> 2127.A | B49: =_xlfn.XLOOKUP(Tabela1[[#This Row],[Processo]],'Árvore de Localização'!$D:$D,'Árvore de Localização'!$B:$B,"",0,1) -> Etanol | C49: =_xlfn.XLOOKUP(Tabela1[[#This Row],[Processo]],'Árvore de Localização'!$D:$D,'Árvore de Localização'!$C:$C,"",0,1) -> Armazenamento e Expedição de Etanol | D49: Armazenamento de Etanol | E49: Casa de Bombas - LGE | F49: Ambas | K49: =IF(OR(Tabela1[[#This Row],[Replan]]="",Tabela1[[#This Row],[Previsto (LB)]]=""),"",Tabela1[[#This Row],[Previsto (LB)]]-Tabela1[[#This Row],[Replan]]) | L49: 1.2.6.2.1 | S49: =IF(R49="Não iniciado",1,IF(R49="Em andamento",2,3)) -> 3
A50: =_xlfn.XLOOKUP("*"&Tabela1[[#This Row],[Processo]]&"*",'Árvore de Localização'!$H:$H,'Árvore de Localização'!$G:$G,"0000",2) -> 2127.A | B50: =_xlfn.XLOOKUP(Tabela1[[#This Row],[Processo]],'Árvore de Localização'!$D:$D,'Árvore de Localização'!$B:$B,"",0,1) -> Etanol | C50: =_xlfn.XLOOKUP(Tabela1[[#This Row],[Processo]],'Árvore de Localização'!$D:$D,'Árvore de Localização'!$C:$C,"",0,1) -> Armazenamento e Expedição de Etanol | D50: Armazenamento de Etanol | E50: Casa de Bombas - LGE | F50: Ambas | K50: =IF(OR(Tabela1[[#This Row],[Replan]]="",Tabela1[[#This Row],[Previsto (LB)]]=""),"",Tabela1[[#This Row],[Previsto (LB)]]-Tabela1[[#This Row],[Replan]]) | L50: 1.2.6.1.3 | S50: =IF(R50="Não iniciado",1,IF(R50="Em andamento",2,3)) -> 3
... A59: =_xlfn.XLOOKUP("*"&Tabela1[[#This Row],[Processo]]&"*",'Árvore de Localização'!$H:$H,'Árvore de Localização'!$G:$G,"0000",2) -> 2103.C | B59: =_xlfn.XLOOKUP(Tabela1[[#This Row],[Processo]],'Árvore de Localização'!$D:$D,'Árvore de Localização'!$B:$B,"",0,1) -> Efluentes | C59: =_xlfn.XLOOKUP(Tabela1[[#This Row],[Processo]],'Árvore de Localização'!$D:$D,'Árvore de Localização'!$C:$C,"",0,1) -> Estação de Tratamento de Efluentes (ETE) | D59: Depósito de Resíduos Sólidos | E59: Central de Resíduos | F59: Ambas | K59: =IF(OR(Tabela1[[#This Row],[Replan]]="",Tabela1[[#This Row],[Previsto (LB)]]=""),"",Tabela1[[#This Row],[Previsto (LB)]]-Tabela1[[#This Row],[Replan]]) | L59: 1.2.22.2.2 | S59: =IF(R59="Não iniciado",1,IF(R59="Em andamento",2,3)) -> 3
A60: =_xlfn.XLOOKUP("*"&Tabela1[[#This Row],[Processo]]&"*",'Árvore de Localização'!$H:$H,'Árvore de Localização'!$G:$G,"0000",2) -> 2102.B | B60: =_xlfn.XLOOKUP(Tabela1[[#This Row],[Processo]],'Árvore de Localização'!$D:$D,'Árvore de Localização'!$B:$B,"",0,1) -> Etanol | C60: =_xlfn.XLOOKUP(Tabela1[[#This Row],[Processo]],'Árvore de Localização'!$D:$D,'Árvore de Localização'!$C:$C,"",0,1) -> Cozimento | D60: Liquefação | E60: Cozimento | F60: 1 | K60: =IF(OR(Tabela1[[#This Row],[Replan]]="",Tabela1[[#This Row],[Previsto (LB)]]=""),"",Tabela1[[#This Row],[Previsto (LB)]]-Tabela1[[#This Row],[Replan]]) | L60: 1.2.3.1.1 | S60: =IF(R60="Não iniciado",1,IF(R60="Em andamento",2,3)) -> 3
A61: =_xlfn.XLOOKUP("*"&Tabela1[[#This Row],[Processo]]&"*",'Árvore de Localização'!$H:$H,'Árvore de Localização'!$G:$G,"0000",2) -> 2102.B | B61: =_xlfn.XLOOKUP(Tabela1[[#This Row],[Processo]],'Árvore de Localização'!$D:$D,'Árvore de Localização'!$B:$B,"",0,1) -> Etanol | C61: =_xlfn.XLOOKUP(Tabela1[[#This Row],[Processo]],'Árvore de Localização'!$D:$D,'Árvore de Localização'!$C:$C,"",0,1) -> Cozimento | D61: Liquefação | E61: Cozimento | F61: 1 | K61: =IF(OR(Tabela1[[#This Row],[Replan]]="",Tabela1[[#This Row],[Previsto (LB)]]=""),"",Tabela1[[#This Row],[Previsto (LB)]]-Tabela1[[#This Row],[Replan]]) | L61: 1.2.3.5.1 | S61: =IF(R61="Não iniciado",1,IF(R61="Em andamento",2,3)) -> 3
A62: =_xlfn.XLOOKUP("*"&Tabela1[[#This Row],[Processo]]&"*",'Árvore de Localização'!$H:$H,'Árvore de Localização'!$G:$G,"0000",2) -> 2102.B | B62: =_xlfn.XLOOKUP(Tabela1[[#This Row],[Processo]],'Árvore de Localização'!$D:$D,'Árvore de Localização'!$B:$B,"",0,1) -> Etanol | C62: =_xlfn.XLOOKUP(Tabela1[[#This Row],[Processo]],'Árvore de Localização'!$D:$D,'Árvore de Localização'!$C:$C,"",0,1) -> Cozimento | D62: Liquefação | E62: Cozimento | F62: 1 | K62: =IF(OR(Tabela1[[#This Row],[Replan]]="",Tabela1[[#This Row],[Previsto (LB)]]=""),"",Tabela1[[#This Row],[Previsto (LB)]]-Tabela1[[#This Row],[Replan]]) | L62: 1.2.3.2.1 | S62: =IF(R62="Não iniciado",1,IF(R62="Em andamento",2,3)) -> 3
A63: =_xlfn.XLOOKUP("*"&Tabela1[[#This Row],[Processo]]&"*",'Árvore de Localização'!$H:$H,'Árvore de Localização'!$G:$G,"0000",2) -> 2102.B | B63: =_xlfn.XLOOKUP(Tabela1[[#This Row],[Processo]],'Árvore de Localização'!$D:$D,'Árvore de Localização'!$B:$B,"",0,1) -> Etanol | C63: =_xlfn.XLOOKUP(Tabela1[[#This Row],[Processo]],'Árvore de Localização'!$D:$D,'Árvore de Localização'!$C:$C,"",0,1) -> Cozimento | D63: Liquefação | E63: Cozimento | F63: 1 | K63: =IF(OR(Tabela1[[#This Row],[Replan]]="",Tabela1[[#This Row],[Previsto (LB)]]=""),"",Tabela1[[#This Row],[Previsto (LB)]]-Tabela1[[#This Row],[Replan]]) | L63: 1.2.3.5.2 | S63: =IF(R63="Não iniciado",1,IF(R63="Em andamento",2,3)) -> 3
A64: =_xlfn.XLOOKUP("*"&Tabela1[[#This Row],[Processo]]&"*",'Árvore de Localização'!$H:$H,'Árvore de Localização'!$G:$G,"0000",2) -> 2102.B | B64: =_xlfn.XLOOKUP(Tabela1[[#This Row],[Processo]],'Árvore de Localização'!$D:$D,'Árvore de Localização'!$B:$B,"",0,1) -> Etanol | C64: =_xlfn.XLOOKUP(Tabela1[[#This Row],[Processo]],'Árvore de Localização'!$D:$D,'Árvore de Localização'!$C:$C,"",0,1) -> Cozimento | D64: Liquefação | E64: Cozimento | F64: 1 | K64: =IF(OR(Tabela1[[#This Row],[Replan]]="",Tabela1[[#This Row],[Previsto (LB)]]=""),"",Tabela1[[#This Row],[Previsto (LB)]]-Tabela1[[#This Row],[Replan]]) | L64: 1.2.3.1.2 | S64: =IF(R64="Não iniciado",1,IF(R64="Em andamento",2,3)) -> 3
A65: =_xlfn.XLOOKUP("*"&Tabela1[[#This Row],[Processo]]&"*",'Árvore de Localização'!$H:$H,'Árvore de Localização'!$G:$G,"0000",2) -> 2102.B | B65: =_xlfn.XLOOKUP(Tabela1[[#This Row],[Processo]],'Árvore de Localização'!$D:$D,'Árvore de Localização'!$B:$B,"",0,1) -> Etanol | C65: =_xlfn.XLOOKUP(Tabela1[[#This Row],[Processo]],'Árvore de Localização'!$D:$D,'Árvore de Localização'!$C:$C,"",0,1) -> Cozimento | D65: Liquefação | E65: Cozimento | F65: 1 | K65: =IF(OR(Tabela1[[#This Row],[Replan]]="",Tabela1[[#This Row],[Previsto (LB)]]=""),"",Tabela1[[#This Row],[Previsto (LB)]]-Tabela1[[#This Row],[Replan]]) | L65: 1.2.3.2.2 | S65: =IF(R65="Não iniciado",1,IF(R65="Em andamento",2,3)) -> 3
A66: =_xlfn.XLOOKUP("*"&Tabela1[[#This Row],[Processo]]&"*",'Árvore de Localização'!$H:$H,'Árvore de Localização'!$G:$G,"0000",2) -> 2102.B | B66: =_xlfn.XLOOKUP(Tabela1[[#This Row],[Processo]],'Árvore de Localização'!$D:$D,'Árvore de Localização'!$B:$B,"",0,1) -> Etanol | C66: =_xlfn.XLOOKUP(Tabela1[[#This Row],[Processo]],'Árvore de Localização'!$D:$D,'Árvore de Localização'!$C:$C,"",0,1) -> Cozimento | D66: Liquefação | E66: Cozimento | F66: 1 | K66: =IF(OR(Tabela1[[#This Row],[Replan]]="",Tabela1[[#This Row],[Previsto (LB)]]=""),"",Tabela1[[#This Row],[Previsto (LB)]]-Tabela1[[#This Row],[Replan]]) | L66: 1.2.3.1.3 | S66: =IF(R66="Não iniciado",1,IF(R66="Em andamento",2,3)) -> 3
A67: =_xlfn.XLOOKUP("*"&Tabela1[[#This Row],[Processo]]&"*",'Árvore de Localização'!$H:$H,'Árvore de Localização'!$G:$G,"0000",2) -> 2102.B | B67: =_xlfn.XLOOKUP(Tabela1[[#This Row],[Processo]],'Árvore de Localização'!$D:$D,'Árvore de Localização'!$B:$B,"",0,1) -> Etanol | C67: =_xlfn.XLOOKUP(Tabela1[[#This Row],[Processo]],'Árvore de Localização'!$D:$D,'Árvore de Localização'!$C:$C,"",0,1) -> Cozimento | D67: Liquefação | E67: Cozimento | F67: 1 | K67: =IF(OR(Tabela1[[#This Row],[Replan]]="",Tabela1[[#This Row],[Previsto (LB)]]=""),"",Tabela1[[#This Row],[Previsto (LB)]]-Tabela1[[#This Row],[Replan]]) | L67: 1.2.3.3.1 | S67: =IF(R67="Não iniciado",1,IF(R67="Em andamento",2,3)) -> 3
A68: =_xlfn.XLOOKUP("*"&Tabela1[[#This Row],[Processo]]&"*",'Árvore de Localização'!$H:$H,'Árvore de Localização'!$G:$G,"0000",2) -> 2102.B | B68: =_xlfn.XLOOKUP(Tabela1[[#This Row],[Processo]],'Árvore de Localização'!$D:$D,'Árvore de Localização'!$B:$B,"",0,1) -> Etanol | C68: =_xlfn.XLOOKUP(Tabela1[[#This Row],[Processo]],'Árvore de Localização'!$D:$D,'Árvore de Localização'!$C:$C,"",0,1) -> Cozimento | D68: Liquefação | E68: Cozimento | F68: 1 | K68: =IF(OR(Tabela1[[#This Row],[Replan]]="",Tabela1[[#This Row],[Previsto (LB)]]=""),"",Tabela1[[#This Row],[Previsto (LB)]]-Tabela1[[#This Row],[Replan]]) | L68: 1.2.3.2.3 | S68: =IF(R68="Não iniciado",1,IF(R68="Em andamento",2,3)) -> 3
A69: =_xlfn.XLOOKUP("*"&Tabela1[[#This Row],[Processo]]&"*",'Árvore de Localização'!$H:$H,'Árvore de Localização'!$G:$G,"0000",2) -> 2102.B | B69: =_xlfn.XLOOKUP(Tabela1[[#This Row],[Processo]],'Árvore de Localização'!$D:$D,'Árvore de Localização'!$B:$B,"",0,1) -> Etanol | C69: =_xlfn.XLOOKUP(Tabela1[[#This Row],[Processo]],'Árvore de Localização'!$D:$D,'Árvore de Localização'!$C:$C,"",0,1) -> Cozimento | D69: Liquefação | E69: Cozimento | F69: 1 | K69: =IF(OR(Tabela1[[#This Row],[Replan]]="",Tabela1[[#This Row],[Previsto (LB)]]=""),"",Tabela1[[#This Row],[Previsto (LB)]]-Tabela1[[#This Row],[Replan]]) | L69: 1.2.3.3.2 | S69: =IF(R69="Não iniciado",1,IF(R69="Em andamento",2,3)) -> 3
A70: =_xlfn.XLOOKUP("*"&Tabela1[[#This Row],[Processo]]&"*",'Árvore de Localização'!$H:$H,'Árvore de Localização'!$G:$G,"0000",2) -> 2108.B | B70: =_xlfn.XLOOKUP(Tabela1[[#This Row],[Processo]],'Árvore de Localização'!$D:$D,'Árvore de Localização'!$B:$B,"",0,1) -> Etanol | C70: =_xlfn.XLOOKUP(Tabela1[[#This Row],[Processo]],'Árvore de Localização'!$D:$D,'Árvore de Localização'!$C:$C,"",0,1) -> Destilaria | D70: Destilaria de Etanol Hidratado | E70: Destilaria | F70: 1 | K70: =IF(OR(Tabela1[[#This Row],[Replan]]="",Tabela1[[#This Row],[Previsto (LB)]]=""),"",Tabela1[[#This Row],[Previsto (LB)]]-Tabela1[[#This Row],[Replan]]) | L70: 1.2.5.1.1 | S70: =IF(R70="Não iniciado",1,IF(R70="Em andamento",2,3)) -> 3
A71: =_xlfn.XLOOKUP("*"&Tabela1[[#This Row],[Processo]]&"*",'Árvore de Localização'!$H:$H,'Árvore de Localização'!$G:$G,"0000",2) -> 2108.B | B71: =_xlfn.XLOOKUP(Tabela1[[#This Row],[Processo]],'Árvore de Localização'!$D:$D,'Árvore de Localização'!$B:$B,"",0,1) -> Etanol | C71: =_xlfn.XLOOKUP(Tabela1[[#This Row],[Processo]],'Árvore de Localização'!$D:$D,'Árvore de Localização'!$C:$C,"",0,1) -> Destilaria | D71: Destilaria de Etanol Hidratado | E71: Destilaria | F71: 1 | K71: =IF(OR(Tabela1[[#This Row],[Replan]]="",Tabela1[[#This Row],[Previsto (LB)]]=""),"",Tabela1[[#This Row],[Previsto (LB)]]-Tabela1[[#This Row],[Replan]]) | L71: 1.2.5.5.1 | S71: =IF(R71="Não iniciado",1,IF(R71="Em andamento",2,3)) -> 3
... A86: =_xlfn.XLOOKUP("*"&Tabela1[[#This Row],[Processo]]&"*",'Árvore de Localização'!$H:$H,'Árvore de Localização'!$G:$G,"0000",2) -> 2108.A | B86: =_xlfn.XLOOKUP(Tabela1[[#This Row],[Processo]],'Árvore de Localização'!$D:$D,'Árvore de Localização'!$B:$B,"",0,1) -> Etanol | C86: =_xlfn.XLOOKUP(Tabela1[[#This Row],[Processo]],'Árvore de Localização'!$D:$D,'Árvore de Localização'!$C:$C,"",0,1) -> Destilaria | D86: Dorna Volante | E86: Dorna Volante | F86: 1 | K86: =IF(OR(Tabela1[[#This Row],[Replan]]="",Tabela1[[#This Row],[Previsto (LB)]]=""),"",Tabela1[[#This Row],[Previsto (LB)]]-Tabela1[[#This Row],[Replan]]) | L86: 1.2.5.3.3 | S86: =IF(R86="Não iniciado",1,IF(R86="Em andamento",2,3)) -> 3
A87: =_xlfn.XLOOKUP("*"&Tabela1[[#This Row],[Processo]]&"*",'Árvore de Localização'!$H:$H,'Árvore de Localização'!$G:$G,"0000",2) -> 2103.A | B87: =_xlfn.XLOOKUP(Tabela1[[#This Row],[Processo]],'Árvore de Localização'!$D:$D,'Árvore de Localização'!$B:$B,"",0,1) -> Efluentes | C87: =_xlfn.XLOOKUP(Tabela1[[#This Row],[Processo]],'Árvore de Localização'!$D:$D,'Árvore de Localização'!$C:$C,"",0,1) -> Estação de Tratamento de Efluentes (ETE) | D87: Rede de Esgoto e do Resíduo do Processo Industrial | E87: Elevatórias | F87: Ambas | K87: =IF(OR(Tabela1[[#This Row],[Replan]]="",Tabela1[[#This Row],[Previsto (LB)]]=""),"",Tabela1[[#This Row],[Previsto (LB)]]-Tabela1[[#This Row],[Replan]]) | L87: 1.2.22.1.4 | S87: =IF(R87="Não iniciado",1,IF(R87="Em andamento",2,3)) -> 3
A88: =_xlfn.XLOOKUP("*"&Tabela1[[#This Row],[Processo]]&"*",'Árvore de Localização'!$H:$H,'Árvore de Localização'!$G:$G,"0000",2) -> 2103.A | B88: =_xlfn.XLOOKUP(Tabela1[[#This Row],[Processo]],'Árvore de Localização'!$D:$D,'Árvore de Localização'!$B:$B,"",0,1) -> Efluentes | C88: =_xlfn.XLOOKUP(Tabela1[[#This Row],[Processo]],'Árvore de Localização'!$D:$D,'Árvore de Localização'!$C:$C,"",0,1) -> Estação de Tratamento de Efluentes (ETE) | D88: Rede de Esgoto e do Resíduo do Processo Industrial | E88: Elevatórias | F88: Ambas | K88: =IF(OR(Tabela1[[#This Row],[Replan]]="",Tabela1[[#This Row],[Previsto (LB)]]=""),"",Tabela1[[#This Row],[Previsto (LB)]]-Tabela1[[#This Row],[Replan]]) | L88: 1.2.22.1.5 | S88: =IF(R88="Não iniciado",1,IF(R88="Em andamento",2,3)) -> 3
A89: =_xlfn.XLOOKUP("*"&Tabela1[[#This Row],[Processo]]&"*",'Árvore de Localização'!$H:$H,'Árvore de Localização'!$G:$G,"0000",2) -> 2103.A | B89: =_xlfn.XLOOKUP(Tabela1[[#This Row],[Processo]],'Árvore de Localização'!$D:$D,'Árvore de Localização'!$B:$B,"",0,1) -> Efluentes | C89: =_xlfn.XLOOKUP(Tabela1[[#This Row],[Processo]],'Árvore de Localização'!$D:$D,'Árvore de Localização'!$C:$C,"",0,1) -> Estação de Tratamento de Efluentes (ETE) | D89: Rede de Esgoto e do Resíduo do Processo Industrial | E89: Elevatórias | F89: Ambas | K89: =IF(OR(Tabela1[[#This Row],[Replan]]="",Tabela1[[#This Row],[Previsto (LB)]]=""),"",Tabela1[[#This Row],[Previsto (LB)]]-Tabela1[[#This Row],[Replan]]) | L89: 1.2.22.3.2 | S89: =IF(R89="Não iniciado",1,IF(R89="Em andamento",2,3)) -> 3
A90: =_xlfn.XLOOKUP("*"&Tabela1[[#This Row],[Processo]]&"*",'Árvore de Localização'!$H:$H,'Árvore de Localização'!$G:$G,"0000",2) -> 2103.A | B90: =_xlfn.XLOOKUP(Tabela1[[#This Row],[Processo]],'Árvore de Localização'!$D:$D,'Árvore de Localização'!$B:$B,"",0,1) -> Efluentes | C90: =_xlfn.XLOOKUP(Tabela1[[#This Row],[Processo]],'Árvore de Localização'!$D:$D,'Árvore de Localização'!$C:$C,"",0,1) -> Estação de Tratamento de Efluentes (ETE) | D90: Rede de Esgoto e do Resíduo do Processo Industrial | E90: Elevatórias | F90: Ambas | K90: =IF(OR(Tabela1[[#This Row],[Replan]]="",Tabela1[[#This Row],[Previsto (LB)]]=""),"",Tabela1[[#This Row],[Previsto (LB)]]-Tabela1[[#This Row],[Replan]]) | L90: 1.2.22.1.6 | S90: =IF(R90="Não iniciado",1,IF(R90="Em andamento",2,3)) -> 3
A91: =_xlfn.XLOOKUP("*"&Tabela1[[#This Row],[Processo]]&"*",'Árvore de Localização'!$H:$H,'Árvore de Localização'!$G:$G,"0000",2) -> 2103.A | B91: =_xlfn.XLOOKUP(Tabela1[[#This Row],[Processo]],'Árvore de Localização'!$D:$D,'Árvore de Localização'!$B:$B,"",0,1) -> Efluentes | C91: =_xlfn.XLOOKUP(Tabela1[[#This Row],[Processo]],'Árvore de Localização'!$D:$D,'Árvore de Localização'!$C:$C,"",0,1) -> Estação de Tratamento de Efluentes (ETE) | D91: Rede de Esgoto e do Resíduo do Processo Industrial | E91: Elevatórias | F91: Ambas | K91: =IF(OR(Tabela1[[#This Row],[Replan]]="",Tabela1[[#This Row],[Previsto (LB)]]=""),"",Tabela1[[#This Row],[Previsto (LB)]]-Tabela1[[#This Row],[Replan]]) | L91: 1.2.22.3.3 | S91: =IF(R91="Não iniciado",1,IF(R91="Em andamento",2,3)) -> 3
A92: =_xlfn.XLOOKUP("*"&Tabela1[[#This Row],[Processo]]&"*",'Árvore de Localização'!$H:$H,'Árvore de Localização'!$G:$G,"0000",2) -> 2103.A | B92: =_xlfn.XLOOKUP(Tabela1[[#This Row],[Processo]],'Árvore de Localização'!$D:$D,'Árvore de Localização'!$B:$B,"",0,1) -> Efluentes | C92: =_xlfn.XLOOKUP(Tabela1[[#This Row],[Processo]],'Árvore de Localização'!$D:$D,'Árvore de Localização'!$C:$C,"",0,1) -> Estação de Tratamento de Efluentes (ETE) | D92: Rede de Esgoto e do Resíduo do Processo Industrial | E92: Elevatórias | F92: Ambas | K92: =IF(OR(Tabela1[[#This Row],[Replan]]="",Tabela1[[#This Row],[Previsto (LB)]]=""),"",Tabela1[[#This Row],[Previsto (LB)]]-Tabela1[[#This Row],[Replan]]) | L92: 1.2.22.5.1 | S92: =IF(R92="Não iniciado",1,IF(R92="Em andamento",2,3)) -> 3
A93: =_xlfn.XLOOKUP("*"&Tabela1[[#This Row],[Processo]]&"*",'Árvore de Localização'!$H:$H,'Árvore de Localização'!$G:$G,"0000",2) -> 2103.A | B93: =_xlfn.XLOOKUP(Tabela1[[#This Row],[Processo]],'Árvore de Localização'!$D:$D,'Árvore de Localização'!$B:$B,"",0,1) -> Efluentes | C93: =_xlfn.XLOOKUP(Tabela1[[#This Row],[Processo]],'Árvore de Localização'!$D:$D,'Árvore de Localização'!$C:$C,"",0,1) -> Estação de Tratamento de Efluentes (ETE) | D93: Rede de Esgoto e do Resíduo do Processo Industrial | E93: Elevatórias | F93: Ambas | K93: =IF(OR(Tabela1[[#This Row],[Replan]]="",Tabela1[[#This Row],[Previsto (LB)]]=""),"",Tabela1[[#This Row],[Previsto (LB)]]-Tabela1[[#This Row],[Replan]]) | L93: 1.2.22.5.2 | S93: =IF(R93="Não iniciado",1,IF(R93="Em andamento",2,3)) -> 3
A94: =_xlfn.XLOOKUP("*"&Tabela1[[#This Row],[Processo]]&"*",'Árvore de Localização'!$H:$H,'Árvore de Localização'!$G:$G,"0000",2) -> 2110.B | B94: =_xlfn.XLOOKUP(Tabela1[[#This Row],[Processo]],'Árvore de Localização'!$D:$D,'Árvore de Localização'!$B:$B,"",0,1) -> Utilidades | C94: =_xlfn.XLOOKUP(Tabela1[[#This Row],[Processo]],'Árvore de Localização'!$D:$D,'Árvore de Localização'!$C:$C,"",0,1) -> Estação de Tratamento de Água (ETA) | D94: Osmose | E94: ETA (Osmose) | F94: Ambas | K94: =IF(OR(Tabela1[[#This Row],[Replan]]="",Tabela1[[#This Row],[Previsto (LB)]]=""),"",Tabela1[[#This Row],[Previsto (LB)]]-Tabela1[[#This Row],[Replan]]) | L94: 1.2.14.1.4 | S94: =IF(R94="Não iniciado",1,IF(R94="Em andamento",2,3)) -> 3
A95: =_xlfn.XLOOKUP("*"&Tabela1[[#This Row],[Processo]]&"*",'Árvore de Localização'!$H:$H,'Árvore de Localização'!$G:$G,"0000",2) -> 2110.B | B95: =_xlfn.XLOOKUP(Tabela1[[#This Row],[Processo]],'Árvore de Localização'!$D:$D,'Árvore de Localização'!$B:$B,"",0,1) -> Utilidades | C95: =_xlfn.XLOOKUP(Tabela1[[#This Row],[Processo]],'Árvore de Localização'!$D:$D,'Árvore de Localização'!$C:$C,"",0,1) -> Estação de Tratamento de Água (ETA) | D95: Osmose | E95: ETA (Osmose) | F95: Ambas | K95: =IF(OR(Tabela1[[#This Row],[Replan]]="",Tabela1[[#This Row],[Previsto (LB)]]=""),"",Tabela1[[#This Row],[Previsto (LB)]]-Tabela1[[#This Row],[Replan]]) | L95: 1.2.14.2.1 | S95: =IF(R95="Não iniciado",1,IF(R95="Em andamento",2,3)) -> 3
A96: =_xlfn.XLOOKUP("*"&Tabela1[[#This Row],[Processo]]&"*",'Árvore de Localização'!$H:$H,'Árvore de Localização'!$G:$G,"0000",2) -> 2110.B | B96: =_xlfn.XLOOKUP(Tabela1[[#This Row],[Processo]],'Árvore de Localização'!$D:$D,'Árvore de Localização'!$B:$B,"",0,1) -> Utilidades | C96: =_xlfn.XLOOKUP(Tabela1[[#This Row],[Processo]],'Árvore de Localização'!$D:$D,'Árvore de Localização'!$C:$C,"",0,1) -> Estação de Tratamento de Água (ETA) | D96: Osmose | E96: ETA (Osmose) | F96: Ambas | K96: =IF(OR(Tabela1[[#This Row],[Replan]]="",Tabela1[[#This Row],[Previsto (LB)]]=""),"",Tabela1[[#This Row],[Previsto (LB)]]-Tabela1[[#This Row],[Replan]]) | L96: 1.2.14.1.5 | S96: =IF(R96="Não iniciado",1,IF(R96="Em andamento",2,3)) -> 3
A97: =_xlfn.XLOOKUP("*"&Tabela1[[#This Row],[Processo]]&"*",'Árvore de Localização'!$H:$H,'Árvore de Localização'!$G:$G,"0000",2) -> 2110.B | B97: =_xlfn.XLOOKUP(Tabela1[[#This Row],[Processo]],'Árvore de Localização'!$D:$D,'Árvore de Localização'!$B:$B,"",0,1) -> Utilidades | C97: =_xlfn.XLOOKUP(Tabela1[[#This Row],[Processo]],'Árvore de Localização'!$D:$D,'Árvore de Localização'!$C:$C,"",0,1) -> Estação de Tratamento de Água (ETA) | D97: Osmose | E97: ETA (Osmose) | F97: Ambas | K97: =IF(OR(Tabela1[[#This Row],[Replan]]="",Tabela1[[#This Row],[Previsto (LB)]]=""),"",Tabela1[[#This Row],[Previsto (LB)]]-Tabela1[[#This Row],[Replan]]) | L97: 1.2.14.3.2 | S97: =IF(R97="Não iniciado",1,IF(R97="Em andamento",2,3)) -> 3
A98: =_xlfn.XLOOKUP("*"&Tabela1[[#This Row],[Processo]]&"*",'Árvore de Localização'!$H:$H,'Árvore de Localização'!$G:$G,"0000",2) -> 2110.B | B98: =_xlfn.XLOOKUP(Tabela1[[#This Row],[Processo]],'Árvore de Localização'!$D:$D,'Árvore de Localização'!$B:$B,"",0,1) -> Utilidades | C98: =_xlfn.XLOOKUP(Tabela1[[#This Row],[Processo]],'Árvore de Localização'!$D:$D,'Árvore de Localização'!$C:$C,"",0,1) -> Estação de Tratamento de Água (ETA) | D98: Osmose | E98: ETA (Osmose) | F98: Ambas | K98: =IF(OR(Tabela1[[#This Row],[Replan]]="",Tabela1[[#This Row],[Previsto (LB)]]=""),"",Tabela1[[#This Row],[Previsto (LB)]]-Tabela1[[#This Row],[Replan]]) | L98: 1.2.14.2.2 | S98: =IF(R98="Não iniciado",1,IF(R98="Em andamento",2,3)) -> 3
... A128: =_xlfn.XLOOKUP("*"&Tabela1[[#This Row],[Processo]]&"*",'Árvore de Localização'!$H:$H,'Árvore de Localização'!$G:$G,"0000",2) -> 2120.A | B128: =_xlfn.XLOOKUP(Tabela1[[#This Row],[Processo]],'Árvore de Localização'!$D:$D,'Árvore de Localização'!$B:$B,"",0,1) -> DDGSeÓleo | C128: =_xlfn.XLOOKUP(Tabela1[[#This Row],[Processo]],'Árvore de Localização'!$D:$D,'Árvore de Localização'!$C:$C,"",0,1) -> Fábrica de Óleo | D128: Extração de Óleo (Tricanter) | E128: Fábrica de Óleo | F128: Ambas | K128: =IF(OR(Tabela1[[#This Row],[Replan]]="",Tabela1[[#This Row],[Previsto (LB)]]=""),"",Tabela1[[#This Row],[Previsto (LB)]]-Tabela1[[#This Row],[Replan]]) | L128: 1.2.9.1.4 | S128: =IF(R128="Não iniciado",1,IF(R128="Em andamento",2,3)) -> 3
A129: =_xlfn.XLOOKUP("*"&Tabela1[[#This Row],[Processo]]&"*",'Árvore de Localização'!$H:$H,'Árvore de Localização'!$G:$G,"0000",2) -> 2106.B | B129: =_xlfn.XLOOKUP(Tabela1[[#This Row],[Processo]],'Árvore de Localização'!$D:$D,'Árvore de Localização'!$B:$B,"",0,1) -> Etanol | C129: =_xlfn.XLOOKUP(Tabela1[[#This Row],[Processo]],'Árvore de Localização'!$D:$D,'Árvore de Localização'!$C:$C,"",0,1) -> Fermentação | D129: Dornas de Fermentação | E129: Fermentação | F129: 1 | K129: =IF(OR(Tabela1[[#This Row],[Replan]]="",Tabela1[[#This Row],[Previsto (LB)]]=""),"",Tabela1[[#This Row],[Previsto (LB)]]-Tabela1[[#This Row],[Replan]]) | L129: 1.2.4.1.1 | S129: =IF(R129="Não iniciado",1,IF(R129="Em andamento",2,3)) -> 3
A130: =_xlfn.XLOOKUP("*"&Tabela1[[#This Row],[Processo]]&"*",'Árvore de Localização'!$H:$H,'Árvore de Localização'!$G:$G,"0000",2) -> 2106.B | B130: =_xlfn.XLOOKUP(Tabela1[[#This Row],[Processo]],'Árvore de Localização'!$D:$D,'Árvore de Localização'!$B:$B,"",0,1) -> Etanol | C130: =_xlfn.XLOOKUP(Tabela1[[#This Row],[Processo]],'Árvore de Localização'!$D:$D,'Árvore de Localização'!$C:$C,"",0,1) -> Fermentação | D130: Dornas de Fermentação | E130: Fermentação | F130: 1 | K130: =IF(OR(Tabela1[[#This Row],[Replan]]="",Tabela1[[#This Row],[Previsto (LB)]]=""),"",Tabela1[[#This Row],[Previsto (LB)]]-Tabela1[[#This Row],[Replan]]) | L130: 1.2.4.5.1 | S130: =IF(R130="Não iniciado",1,IF(R130="Em andamento",2,3)) -> 3
A131: =_xlfn.XLOOKUP("*"&Tabela1[[#This Row],[Processo]]&"*",'Árvore de Localização'!$H:$H,'Árvore de Localização'!$G:$G,"0000",2) -> 2106.B | B131: =_xlfn.XLOOKUP(Tabela1[[#This Row],[Processo]],'Árvore de Localização'!$D:$D,'Árvore de Localização'!$B:$B,"",0,1) -> Etanol | C131: =_xlfn.XLOOKUP(Tabela1[[#This Row],[Processo]],'Árvore de Localização'!$D:$D,'Árvore de Localização'!$C:$C,"",0,1) -> Fermentação | D131: Dornas de Fermentação | E131: Fermentação | F131: 1 | K131: =IF(OR(Tabela1[[#This Row],[Replan]]="",Tabela1[[#This Row],[Previsto (LB)]]=""),"",Tabela1[[#This Row],[Previsto (LB)]]-Tabela1[[#This Row],[Replan]]) | L131: 1.2.4.2.1 | S131: =IF(R131="Não iniciado",1,IF(R131="Em andamento",2,3)) -> 3
A132: =_xlfn.XLOOKUP("*"&Tabela1[[#This Row],[Processo]]&"*",'Árvore de Localização'!$H:$H,'Árvore de Localização'!$G:$G,"0000",2) -> 2106.B | B132: =_xlfn.XLOOKUP(Tabela1[[#This Row],[Processo]],'Árvore de Localização'!$D:$D,'Árvore de Localização'!$B:$B,"",0,1) -> Etanol | C132: =_xlfn.XLOOKUP(Tabela1[[#This Row],[Processo]],'Árvore de Localização'!$D:$D,'Árvore de Localização'!$C:$C,"",0,1) -> Fermentação | D132: Dornas de Fermentação | E132: Fermentação | F132: 1 | K132: =IF(OR(Tabela1[[#This Row],[Replan]]="",Tabela1[[#This Row],[Previsto (LB)]]=""),"",Tabela1[[#This Row],[Previsto (LB)]]-Tabela1[[#This Row],[Replan]]) | L132: 1.2.4.5.2 | S132: =IF(R132="Não iniciado",1,IF(R132="Em andamento",2,3)) -> 3
A133: =_xlfn.XLOOKUP("*"&Tabela1[[#This Row],[Processo]]&"*",'Árvore de Localização'!$H:$H,'Árvore de Localização'!$G:$G,"0000",2) -> 2106.B | B133: =_xlfn.XLOOKUP(Tabela1[[#This Row],[Processo]],'Árvore de Localização'!$D:$D,'Árvore de Localização'!$B:$B,"",0,1) -> Etanol | C133: =_xlfn.XLOOKUP(Tabela1[[#This Row],[Processo]],'Árvore de Localização'!$D:$D,'Árvore de Localização'!$C:$C,"",0,1) -> Fermentação | D133: Dornas de Fermentação | E133: Fermentação | F133: 1 | K133: =IF(OR(Tabela1[[#This Row],[Replan]]="",Tabela1[[#This Row],[Previsto (LB)]]=""),"",Tabela1[[#This Row],[Previsto (LB)]]-Tabela1[[#This Row],[Replan]]) | L133: 1.2.4.1.2 | S133: =IF(R133="Não iniciado",1,IF(R133="Em andamento",2,3)) -> 3
A134: =_xlfn.XLOOKUP("*"&Tabela1[[#This Row],[Processo]]&"*",'Árvore de Localização'!$H:$H,'Árvore de Localização'!$G:$G,"0000",2) -> 2106.B | B134: =_xlfn.XLOOKUP(Tabela1[[#This Row],[Processo]],'Árvore de Localização'!$D:$D,'Árvore de Localização'!$B:$B,"",0,1) -> Etanol | C134: =_xlfn.XLOOKUP(Tabela1[[#This Row],[Processo]],'Árvore de Localização'!$D:$D,'Árvore de Localização'!$C:$C,"",0,1) -> Fermentação | D134: Dornas de Fermentação | E134: Fermentação | F134: 1 | K134: =IF(OR(Tabela1[[#This Row],[Replan]]="",Tabela1[[#This Row],[Previsto (LB)]]=""),"",Tabela1[[#This Row],[Previsto (LB)]]-Tabela1[[#This Row],[Replan]]) | L134: 1.2.4.3.1 | S134: =IF(R134="Não iniciado",1,IF(R134="Em andamento",2,3)) -> 3
A135: =_xlfn.XLOOKUP("*"&Tabela1[[#This Row],[Processo]]&"*",'Árvore de Localização'!$H:$H,'Árvore de Localização'!$G:$G,"0000",2) -> 2106.B | B135: =_xlfn.XLOOKUP(Tabela1[[#This Row],[Processo]],'Árvore de Localização'!$D:$D,'Árvore de Localização'!$B:$B,"",0,1) -> Etanol | C135: =_xlfn.XLOOKUP(Tabela1[[#This Row],[Processo]],'Árvore de Localização'!$D:$D,'Árvore de Localização'!$C:$C,"",0,1) -> Fermentação | D135: Dornas de Fermentação | E135: Fermentação | F135: 1 | K135: =IF(OR(Tabela1[[#This Row],[Replan]]="",Tabela1[[#This Row],[Previsto (LB)]]=""),"",Tabela1[[#This Row],[Previsto (LB)]]-Tabela1[[#This Row],[Replan]]) | L135: 1.2.4.2.2 | S135: =IF(R135="Não iniciado",1,IF(R135="Em andamento",2,3)) -> 3
A136: =_xlfn.XLOOKUP("*"&Tabela1[[#This Row],[Processo]]&"*",'Árvore de Localização'!$H:$H,'Árvore de Localização'!$G:$G,"0000",2) -> 2106.B | B136: =_xlfn.XLOOKUP(Tabela1[[#This Row],[Processo]],'Árvore de Localização'!$D:$D,'Árvore de Localização'!$B:$B,"",0,1) -> Etanol | C136: =_xlfn.XLOOKUP(Tabela1[[#This Row],[Processo]],'Árvore de Localização'!$D:$D,'Árvore de Localização'!$C:$C,"",0,1) -> Fermentação | D136: Dornas de Fermentação | E136: Fermentação | F136: 1 | K136: =IF(OR(Tabela1[[#This Row],[Replan]]="",Tabela1[[#This Row],[Previsto (LB)]]=""),"",Tabela1[[#This Row],[Previsto (LB)]]-Tabela1[[#This Row],[Replan]]) | L136: 1.2.4.1.3 | S136: =IF(R136="Não iniciado",1,IF(R136="Em andamento",2,3)) -> 3
A137: =_xlfn.XLOOKUP("*"&Tabela1[[#This Row],[Processo]]&"*",'Árvore de Localização'!$H:$H,'Árvore de Localização'!$G:$G,"0000",2) -> 2103.D | B137: =_xlfn.XLOOKUP(Tabela1[[#This Row],[Processo]],'Árvore de Localização'!$D:$D,'Árvore de Localização'!$B:$B,"",0,1) -> Efluentes | C137: =_xlfn.XLOOKUP(Tabela1[[#This Row],[Processo]],'Árvore de Localização'!$D:$D,'Árvore de Localização'!$C:$C,"",0,1) -> Estação de Tratamento de Efluentes (ETE) | D137: Fertirrigação | E137: Fertirrigação | F137: Ambas | K137: =IF(OR(Tabela1[[#This Row],[Replan]]="",Tabela1[[#This Row],[Previsto (LB)]]=""),"",Tabela1[[#This Row],[Previsto (LB)]]-Tabela1[[#This Row],[Replan]]) | L137: 1.2.22.1.14 | S137: =IF(R137="Não iniciado",1,IF(R137="Em andamento",2,3)) -> 3
A138: =_xlfn.XLOOKUP("*"&Tabela1[[#This Row],[Processo]]&"*",'Árvore de Localização'!$H:$H,'Árvore de Localização'!$G:$G,"0000",2) -> 2103.D | B138: =_xlfn.XLOOKUP(Tabela1[[#This Row],[Processo]],'Árvore de Localização'!$D:$D,'Árvore de Localização'!$B:$B,"",0,1) -> Efluentes | C138: =_xlfn.XLOOKUP(Tabela1[[#This Row],[Processo]],'Árvore de Localização'!$D:$D,'Árvore de Localização'!$C:$C,"",0,1) -> Estação de Tratamento de Efluentes (ETE) | D138: Fertirrigação | E138: Fertirrigação | F138: Ambas | K138: =IF(OR(Tabela1[[#This Row],[Replan]]="",Tabela1[[#This Row],[Previsto (LB)]]=""),"",Tabela1[[#This Row],[Previsto (LB)]]-Tabela1[[#This Row],[Replan]]) | L138: 1.2.22.2.6 | S138: =IF(R138="Não iniciado",1,IF(R138="Em andamento",2,3)) -> 3
A139: =_xlfn.XLOOKUP("*"&Tabela1[[#This Row],[Processo]]&"*",'Árvore de Localização'!$H:$H,'Árvore de Localização'!$G:$G,"0000",2) -> 2103.D | B139: =_xlfn.XLOOKUP(Tabela1[[#This Row],[Processo]],'Árvore de Localização'!$D:$D,'Árvore de Localização'!$B:$B,"",0,1) -> Efluentes | C139: =_xlfn.XLOOKUP(Tabela1[[#This Row],[Processo]],'Árvore de Localização'!$D:$D,'Árvore de Localização'!$C:$C,"",0,1) -> Estação de Tratamento de Efluentes (ETE) | D139: Fertirrigação | E139: Fertirrigação | F139: Ambas | K139: =IF(OR(Tabela1[[#This Row],[Replan]]="",Tabela1[[#This Row],[Previsto (LB)]]=""),"",Tabela1[[#This Row],[Previsto (LB)]]-Tabela1[[#This Row],[Replan]]) | L139: 1.2.22.1.15 | S139: =IF(R139="Não iniciado",1,IF(R139="Em andamento",2,3)) -> 3
A140: =_xlfn.XLOOKUP("*"&Tabela1[[#This Row],[Processo]]&"*",'Árvore de Localização'!$H:$H,'Árvore de Localização'!$G:$G,"0000",2) -> 2103.D | B140: =_xlfn.XLOOKUP(Tabela1[[#This Row],[Processo]],'Árvore de Localização'!$D:$D,'Árvore de Localização'!$B:$B,"",0,1) -> Efluentes | C140: =_xlfn.XLOOKUP(Tabela1[[#This Row],[Processo]],'Árvore de Localização'!$D:$D,'Árvore de Localização'!$C:$C,"",0,1) -> Estação de Tratamento de Efluentes (ETE) | D140: Fertirrigação | E140: Fertirrigação | F140: Ambas | K140: =IF(OR(Tabela1[[#This Row],[Replan]]="",Tabela1[[#This Row],[Previsto (LB)]]=""),"",Tabela1[[#This Row],[Previsto (LB)]]-Tabela1[[#This Row],[Replan]]) | L140: 1.2.22.3.5 | S140: =IF(R140="Não iniciado",1,IF(R140="Em andamento",2,3)) -> 3
A141: =_xlfn.XLOOKUP("*"&Tabela1[[#This Row],[Processo]]&"*",'Árvore de Localização'!$H:$H,'Árvore de Localização'!$G:$G,"0000",2) -> 2103.D | B141: =_xlfn.XLOOKUP(Tabela1[[#This Row],[Processo]],'Árvore de Localização'!$D:$D,'Árvore de Localização'!$B:$B,"",0,1) -> Efluentes | C141: =_xlfn.XLOOKUP(Tabela1[[#This Row],[Processo]],'Árvore de Localização'!$D:$D,'Árvore de Localização'!$C:$C,"",0,1) -> Estação de Tratamento de Efluentes (ETE) | D141: Fertirrigação | E141: Fertirrigação | F141: Ambas | K141: =IF(OR(Tabela1[[#This Row],[Replan]]="",Tabela1[[#This Row],[Previsto (LB)]]=""),"",Tabela1[[#This Row],[Previsto (LB)]]-Tabela1[[#This Row],[Replan]]) | L141: 1.2.22.4.1 | S141: =IF(R141="Não iniciado",1,IF(R141="Em andamento",2,3)) -> 3
A142: =_xlfn.XLOOKUP("*"&Tabela1[[#This Row],[Processo]]&"*",'Árvore de Localização'!$H:$H,'Árvore de Localização'!$G:$G,"0000",2) -> 2111. | B142: =_xlfn.XLOOKUP(Tabela1[[#This Row],[Processo]],'Árvore de Localização'!$D:$D,'Árvore de Localização'!$B:$B,"",0,1) -> Etanol | C142: =_xlfn.XLOOKUP(Tabela1[[#This Row],[Processo]],'Árvore de Localização'!$D:$D,'Árvore de Localização'!$C:$C,"",0,1) -> Moinho de Grãos | D142: Moinho de Grãos | E142: Moinho | F142: Ambas | K142: =IF(OR(Tabela1[[#This Row],[Replan]]="",Tabela1[[#This Row],[Previsto (LB)]]=""),"",Tabela1[[#This Row],[Previsto (LB)]]-Tabela1[[#This Row],[Replan]]) | L142: 1.2.2.1.1 | S142: =IF(R142="Não iniciado",1,IF(R142="Em andamento",2,3)) -> 3
A143: =_xlfn.XLOOKUP("*"&Tabela1[[#This Row],[Processo]]&"*",'Árvore de Localização'!$H:$H,'Árvore de Localização'!$G:$G,"0000",2) -> 2111. | B143: =_xlfn.XLOOKUP(Tabela1[[#This Row],[Processo]],'Árvore de Localização'!$D:$D,'Árvore de Localização'!$B:$B,"",0,1) -> Etanol | C143: =_xlfn.XLOOKUP(Tabela1[[#This Row],[Processo]],'Árvore de Localização'!$D:$D,'Árvore de Localização'!$C:$C,"",0,1) -> Moinho de Grãos | D143: Moinho de Grãos | E143: Moinho | F143: Ambas | K143: =IF(OR(Tabela1[[#This Row],[Replan]]="",Tabela1[[#This Row],[Previsto (LB)]]=""),"",Tabela1[[#This Row],[Previsto (LB)]]-Tabela1[[#This Row],[Replan]]) | L143: 1.2.2.5.1 | S143: =IF(R143="Não iniciado",1,IF(R143="Em andamento",2,3)) -> 3
A144: =_xlfn.XLOOKUP("*"&Tabela1[[#This Row],[Processo]]&"*",'Árvore de Localização'!$H:$H,'Árvore de Localização'!$G:$G,"0000",2) -> 2111. | B144: =_xlfn.XLOOKUP(Tabela1[[#This Row],[Processo]],'Árvore de Localização'!$D:$D,'Árvore de Localização'!$B:$B,"",0,1) -> Etanol | C144: =_xlfn.XLOOKUP(Tabela1[[#This Row],[Processo]],'Árvore de Localização'!$D:$D,'Árvore de Localização'!$C:$C,"",0,1) -> Moinho de Grãos | D144: Moinho de Grãos | E144: Moinho | F144: Ambas | K144: =IF(OR(Tabela1[[#This Row],[Replan]]="",Tabela1[[#This Row],[Previsto (LB)]]=""),"",Tabela1[[#This Row],[Previsto (LB)]]-Tabela1[[#This Row],[Replan]]) | L144: 1.2.2.2.1 | S144: =IF(R144="Não iniciado",1,IF(R144="Em andamento",2,3)) -> 3
A145: =_xlfn.XLOOKUP("*"&Tabela1[[#This Row],[Processo]]&"*",'Árvore de Localização'!$H:$H,'Árvore de Localização'!$G:$G,"0000",2) -> 2111. | B145: =_xlfn.XLOOKUP(Tabela1[[#This Row],[Processo]],'Árvore de Localização'!$D:$D,'Árvore de Localização'!$B:$B,"",0,1) -> Etanol | C145: =_xlfn.XLOOKUP(Tabela1[[#This Row],[Processo]],'Árvore de Localização'!$D:$D,'Árvore de Localização'!$C:$C,"",0,1) -> Moinho de Grãos | D145: Moinho de Grãos | E145: Moinho | F145: Ambas | K145: =IF(OR(Tabela1[[#This Row],[Replan]]="",Tabela1[[#This Row],[Previsto (LB)]]=""),"",Tabela1[[#This Row],[Previsto (LB)]]-Tabela1[[#This Row],[Replan]]) | L145: 1.2.2.5.2 | S145: =IF(R145="Não iniciado",1,IF(R145="Em andamento",2,3)) -> 3
A146: =_xlfn.XLOOKUP("*"&Tabela1[[#This Row],[Processo]]&"*",'Árvore de Localização'!$H:$H,'Árvore de Localização'!$G:$G,"0000",2) -> 2111. | B146: =_xlfn.XLOOKUP(Tabela1[[#This Row],[Processo]],'Árvore de Localização'!$D:$D,'Árvore de Localização'!$B:$B,"",0,1) -> Etanol | C146: =_xlfn.XLOOKUP(Tabela1[[#This Row],[Processo]],'Árvore de Localização'!$D:$D,'Árvore de Localização'!$C:$C,"",0,1) -> Moinho de Grãos | D146: Moinho de Grãos | E146: Moinho | F146: Ambas | K146: =IF(OR(Tabela1[[#This Row],[Replan]]="",Tabela1[[#This Row],[Previsto (LB)]]=""),"",Tabela1[[#This Row],[Previsto (LB)]]-Tabela1[[#This Row],[Replan]]) | L146: 1.2.2.1.2 | S146: =IF(R146="Não iniciado",1,IF(R146="Em andamento",2,3)) -> 3
A147: =_xlfn.XLOOKUP("*"&Tabela1[[#This Row],[Processo]]&"*",'Árvore de Localização'!$H:$H,'Árvore de Localização'!$G:$G,"0000",2) -> 2111. | B147: =_xlfn.XLOOKUP(Tabela1[[#This Row],[Processo]],'Árvore de Localização'!$D:$D,'Árvore de Localização'!$B:$B,"",0,1) -> Etanol | C147: =_xlfn.XLOOKUP(Tabela1[[#This Row],[Processo]],'Árvore de Localização'!$D:$D,'Árvore de Localização'!$C:$C,"",0,1) -> Moinho de Grãos | D147: Moinho de Grãos | E147: Moinho | F147: Ambas | K147: =IF(OR(Tabela1[[#This Row],[Replan]]="",Tabela1[[#This Row],[Previsto (LB)]]=""),"",Tabela1[[#This Row],[Previsto (LB)]]-Tabela1[[#This Row],[Replan]]) | L147: 1.2.2.2.2 | S147: =IF(R147="Não iniciado",1,IF(R147="Em andamento",2,3)) -> 3
A148: =_xlfn.XLOOKUP("*"&Tabela1[[#This Row],[Processo]]&"*",'Árvore de Localização'!$H:$H,'Árvore de Localização'!$G:$G,"0000",2) -> 2111. | B148: =_xlfn.XLOOKUP(Tabela1[[#This Row],[Processo]],'Árvore de Localização'!$D:$D,'Árvore de Localização'!$B:$B,"",0,1) -> Etanol | C148: =_xlfn.XLOOKUP(Tabela1[[#This Row],[Processo]],'Árvore de Localização'!$D:$D,'Árvore de Localização'!$C:$C,"",0,1) -> Moinho de Grãos | D148: Moinho de Grãos | E148: Moinho | F148: Ambas | K148: =IF(OR(Tabela1[[#This Row],[Replan]]="",Tabela1[[#This Row],[Previsto (LB)]]=""),"",Tabela1[[#This Row],[Previsto (LB)]]-Tabela1[[#This Row],[Replan]]) | L148: 1.2.2.1.3 | S148: =IF(R148="Não iniciado",1,IF(R148="Em andamento",2,3)) -> 3
... A214: =_xlfn.XLOOKUP("*"&Tabela1[[#This Row],[Processo]]&"*",'Árvore de Localização'!$H:$H,'Árvore de Localização'!$G:$G,"0000",2) -> 2104.B | B214: =_xlfn.XLOOKUP(Tabela1[[#This Row],[Processo]],'Árvore de Localização'!$D:$D,'Árvore de Localização'!$B:$B,"",0,1) -> Utilidades | C214: =_xlfn.XLOOKUP(Tabela1[[#This Row],[Processo]],'Árvore de Localização'!$D:$D,'Árvore de Localização'!$C:$C,"",0,1) -> Geração de Energia | D214: Subestação e Distribuição de Energia | E214: Sala Elétricas - SE | F214: Ambas | K214: =IF(OR(Tabela1[[#This Row],[Replan]]="",Tabela1[[#This Row],[Previsto (LB)]]=""),"",Tabela1[[#This Row],[Previsto (LB)]]-Tabela1[[#This Row],[Replan]]) | L214: 1.2.12.2.3 | S214: =IF(R214="Não iniciado",1,IF(R214="Em andamento",2,3)) -> 3
A215: =_xlfn.XLOOKUP("*"&Tabela1[[#This Row],[Processo]]&"*",'Árvore de Localização'!$H:$H,'Árvore de Localização'!$G:$G,"0000",2) -> 0000 | B215: =_xlfn.XLOOKUP(Tabela1[[#This Row],[Processo]],'Árvore de Localização'!$D:$D,'Árvore de Localização'!$B:$B,"",0,1) -> DDGSeÓleo | C215: =_xlfn.XLOOKUP(Tabela1[[#This Row],[Processo]],'Árvore de Localização'!$D:$D,'Árvore de Localização'!$C:$C,"",0,1) -> Separação de Sólidos e Secagem de DDGS | D215: Secadores de DDGS | E215: Secador de DDGS | F215: 1 | K215: =IF(OR(Tabela1[[#This Row],[Replan]]="",Tabela1[[#This Row],[Previsto (LB)]]=""),"",Tabela1[[#This Row],[Previsto (LB)]]-Tabela1[[#This Row],[Replan]]) | L215: 1.2.7.1.4 | S215: =IF(R215="Não iniciado",1,IF(R215="Em andamento",2,3)) -> 3
A216: =_xlfn.XLOOKUP("*"&Tabela1[[#This Row],[Processo]]&"*",'Árvore de Localização'!$H:$H,'Árvore de Localização'!$G:$G,"0000",2) -> 0000 | B216: =_xlfn.XLOOKUP(Tabela1[[#This Row],[Processo]],'Árvore de Localização'!$D:$D,'Árvore de Localização'!$B:$B,"",0,1) -> DDGSeÓleo | C216: =_xlfn.XLOOKUP(Tabela1[[#This Row],[Processo]],'Árvore de Localização'!$D:$D,'Árvore de Localização'!$C:$C,"",0,1) -> Separação de Sólidos e Secagem de DDGS | D216: Secadores de DDGS | E216: Secador de DDGS | F216: 1 | K216: =IF(OR(Tabela1[[#This Row],[Replan]]="",Tabela1[[#This Row],[Previsto (LB)]]=""),"",Tabela1[[#This Row],[Previsto (LB)]]-Tabela1[[#This Row],[Replan]]) | L216: 1.2.7.5.1 | S216: =IF(R216="Não iniciado",1,IF(R216="Em andamento",2,3)) -> 3
A217: =_xlfn.XLOOKUP("*"&Tabela1[[#This Row],[Processo]]&"*",'Árvore de Localização'!$H:$H,'Árvore de Localização'!$G:$G,"0000",2) -> 0000 | B217: =_xlfn.XLOOKUP(Tabela1[[#This Row],[Processo]],'Árvore de Localização'!$D:$D,'Árvore de Localização'!$B:$B,"",0,1) -> DDGSeÓleo | C217: =_xlfn.XLOOKUP(Tabela1[[#This Row],[Processo]],'Árvore de Localização'!$D:$D,'Árvore de Localização'!$C:$C,"",0,1) -> Separação de Sólidos e Secagem de DDGS | D217: Secadores de DDGS | E217: Secador de DDGS | F217: 1 | K217: =IF(OR(Tabela1[[#This Row],[Replan]]="",Tabela1[[#This Row],[Previsto (LB)]]=""),"",Tabela1[[#This Row],[Previsto (LB)]]-Tabela1[[#This Row],[Replan]]) | L217: 1.2.7.2.1 | S217: =IF(R217="Não iniciado",1,IF(R217="Em andamento",2,3)) -> 3
A218: =_xlfn.XLOOKUP("*"&Tabela1[[#This Row],[Processo]]&"*",'Árvore de Localização'!$H:$H,'Árvore de Localização'!$G:$G,"0000",2) -> 0000 | B218: =_xlfn.XLOOKUP(Tabela1[[#This Row],[Processo]],'Árvore de Localização'!$D:$D,'Árvore de Localização'!$B:$B,"",0,1) -> DDGSeÓleo | C218: =_xlfn.XLOOKUP(Tabela1[[#This Row],[Processo]],'Árvore de Localização'!$D:$D,'Árvore de Localização'!$C:$C,"",0,1) -> Separação de Sólidos e Secagem de DDGS | D218: Secadores de DDGS | E218: Secador de DDGS | F218: 1 | K218: =IF(OR(Tabela1[[#This Row],[Replan]]="",Tabela1[[#This Row],[Previsto (LB)]]=""),"",Tabela1[[#This Row],[Previsto (LB)]]-Tabela1[[#This Row],[Replan]]) | L218: 1.2.7.5.2 | S218: =IF(R218="Não iniciado",1,IF(R218="Em andamento",2,3)) -> 3
...

Sheet EAP Planej.
A1: Nível | B1: Descrição | C1: EDT | D1: Nome da Tarefa | E1: % concluído | F1: Duração (total) | G1: Duração (úteis int) | H1: Início | I1: Término | J1: Observação
A2: 1 | B2: PROJETO | C2: 1 | D2: SISTEMAS DE CONTROLE AMBIENTAL | E2: =IFERROR(AVERAGE(E3,E6),"") | F2: =DATEDIF(H2,I2,"D") -> 46301 | G2: =NETWORKDAYS.INTL(H2,I2) -> 33072 | H2: =MIN(H3,H6) -> 0 | I2: =MAX(I3,I6) -> 46301
A3: 2 | B3: DEPARTAMENTO | C3: 1.1 | D3: MEIO AMBIENTE | E3: =IFERROR(AVERAGE(E4,E5),"") | F3: =DATEDIF(H3,I3,"D") -> 30 | G3: =NETWORKDAYS.INTL(H3,I3) -> 22 | H3: =MIN(H4:H5) -> 46271 | I3: =MAX(I4:I5) -> 46301
A4: 3 | B4: SCA | C4: 1.1.1 | D4: PROTOCOLO DO RELATÓRIO FINAL DE OBRA | F4: =DATEDIF(H4,I4,"D") -> 0 | G4: =NETWORKDAYS.INTL(H4,I4) -> 0 | H4: =H5-30 -> 46271 | I4: =I5-30 -> 46271
A5: 3 | B5: SCA | C5: 1.1.1 | D5: VISTORIA AMBIENTAL | F5: =DATEDIF(H5,I5,"D") -> 0 | G5: =NETWORKDAYS.INTL(H5,I5) -> 1 | H5: 46301 | I5: 46301
A6: 2 | B6: DEPARTAMENTO | C6: 1.2 | D6: OBRA | E6: =IFERROR(AVERAGE(E7,E62,E117,E172,E227,E282,E345,E403,E458,E513,E568,E623,E678,E733,E821,E876,E931,E986,E1041,E1096,E1156,E1211),"") | F6: =IFERROR(DATEDIF(H6,I6,"D"),0) -> 0 | G6: =IFERROR(NETWORKDAYS.INTL(H6,I6),0) -> 0 | H6: =MIN(H7,H62,H117,H172,H227,H282,H345,H403,H458,H513,H568,H623,H678,H733,H821,H876,H931,H986,H1041,H1096,H1156,H1211) -> 0 | I6: =MAX(I7,I62,I117,I172,I227,I282,I345,I403,I458,I513,I568,I623,I678,I733,I821,I876,I931,I986,I1041,I1096,I1156,I1211) -> 0
A7: 3 | B7: ILHA DE PROCESSO | C7: 1.2.1 | D7: GERAL | E7: =IFERROR(AVERAGE(E8,E17,E26,E35,E44,E53),"") | F7: =IFERROR(DATEDIF(H7,I7,"D"),0) -> 0 | G7: =IFERROR(NETWORKDAYS.INTL(H7,I7),0) -> 0 | H7: =MIN(H8,H17,H26,H35,H44,H53) -> 0 | I7: =MAX(I8,I17,I26,I35,I44,I53) -> 0
A8: 4 | B8: DISCIPLINA | C8: 1.2.1.1 | D8: CIVIL | E8: =IFERROR(SUBTOTAL(1,E9:E16),"") | F8: =IFERROR(DATEDIF(H8,I8,"D"),0) -> 0 | G8: =IFERROR(NETWORKDAYS.INTL(H8,I8),0) -> 0 | H8: =MIN(H9:H16) -> 0 | I8: =MAX(I9:I16) -> 0
A9: 5 | B9: SCA | C9: 1.2.1.1.1 | D9: Dissipador | F9: =IFERROR(DATEDIF(H9,I9,"D"),0) -> 0 | G9: =IFERROR(NETWORKDAYS.INTL(H9,I9),0) -> 0
A10: 5 | B10: SCA | C10: 1.2.1.1.2 | D10: Vertedouro | F10: =IFERROR(DATEDIF(H10,I10,"D"),0) -> 0 | G10: =IFERROR(NETWORKDAYS.INTL(H10,I10),0) -> 0
A11: 5 | B11: SCA | C11: 1.2.1.1.3 | D11: Monge | F11: =IFERROR(DATEDIF(H11,I11,"D"),0) -> 0 | G11: =IFERROR(NETWORKDAYS.INTL(H11,I11),0) -> 0
A12: 5 | B12: SCA | C12: 1.2.1.1.4 | D12: Taludes com grama | F12: =IFERROR(DATEDIF(H12,I12,"D"),0) -> 0 | G12: =IFERROR(NETWORKDAYS.INTL(H12,I12),0) -> 0
A13: 5 | B13: SCA | C13: 1.2.1.1.5 | D13: Conexão com a drenagem da planta | F13: =IFERROR(DATEDIF(H13,I13,"D"),0) -> 0 | G13: =IFERROR(NETWORKDAYS.INTL(H13,I13),0) -> 0
A14: 5 | B14: SCA | C14: 1.2.1.1.6 | D14: Concretagem dos caminhos, ruas, fluxos de caminhões | F14: =IFERROR(DATEDIF(H14,I14,"D"),0) -> 0 | G14: =IFERROR(NETWORKDAYS.INTL(H14,I14),0) -> 0
A15: 5 | B15: SCA | C15: 1.2.1.1.7 | D15: Caixas de drenagem | F15: =IFERROR(DATEDIF(H15,I15,"D"),0) -> 0 | G15: =IFERROR(NETWORKDAYS.INTL(H15,I15),0) -> 0
A16: 5 | B16: SCA | C16: 1.2.1.1.8 | D16: Interligação nas lagoas | F16: =IFERROR(DATEDIF(H16,I16,"D"),0) -> 0 | G16: =IFERROR(NETWORKDAYS.INTL(H16,I16),0) -> 0
A17: 4 | B17: DISCIPLINA | C17: 1.2.1.2 | D17: METÁLICA | E17: =IFERROR(SUBTOTAL(1,E18:E25),"") | F17: =IFERROR(DATEDIF(H17,I17,"D"),0) -> 0 | G17: =IFERROR(NETWORKDAYS.INTL(H17,I17),0) -> 0 | H17: =MIN(H18:H25) -> 0 | I17: =MAX(I18:I25) -> 0
A18: 5 | B18: SCA | C18: 1.2.1.2.1 | F18: =IFERROR(DATEDIF(H18,I18,"D"),0) -> 0 | G18: =IFERROR(NETWORKDAYS.INTL(H18,I18),0) -> 0
A19: 5 | B19: SCA | C19: 1.2.1.2.2 | F19: =IFERROR(DATEDIF(H19,I19,"D"),0) -> 0 | G19: =IFERROR(NETWORKDAYS.INTL(H19,I19),0) -> 0
A20: 5 | B20: SCA | C20: 1.2.1.2.3 | F20: =IFERROR(DATEDIF(H20,I20,"D"),0) -> 0 | G20: =IFERROR(NETWORKDAYS.INTL(H20,I20),0) -> 0
A21: 5 | B21: SCA | C21: 1.2.1.2.4 | F21: =IFERROR(DATEDIF(H21,I21,"D"),0) -> 0 | G21: =IFERROR(NETWORKDAYS.INTL(H21,I21),0) -> 0
A22: 5 | B22: SCA | C22: 1.2.1.2.5 | F22: =IFERROR(DATEDIF(H22,I22,"D"),0) -> 0 | G22: =IFERROR(NETWORKDAYS.INTL(H22,I22),0) -> 0
A23: 5 | B23: SCA | C23: 1.2.1.2.6 | F23: =IFERROR(DATEDIF(H23,I23,"D"),0) -> 0 | G23: =IFERROR(NETWORKDAYS.INTL(H23,I23),0) -> 0
A24: 5 | B24: SCA | C24: 1.2.1.2.7 | F24: =IFERROR(DATEDIF(H24,I24,"D"),0) -> 0 | G24: =IFERROR(NETWORKDAYS.INTL(H24,I24),0) -> 0
A25: 5 | B25: SCA | C25: 1.2.1.2.8 | F25: =IFERROR(DATEDIF(H25,I25,"D"),0) -> 0 | G25: =IFERROR(NETWORKDAYS.INTL(H25,I25),0) -> 0
A26: 4 | B26: DISCIPLINA | C26: 1.2.1.3 | D26: MECÂNICA | E26: =IFERROR(SUBTOTAL(1,E27:E34),"") | F26: =IFERROR(DATEDIF(H26,I26,"D"),0) -> 0 | G26: =IFERROR(NETWORKDAYS.INTL(H26,I26),0) -> 0 | H26: =MIN(H27:H34) -> 0 | I26: =MAX(I27:I34) -> 0
A27: 5 | B27: SCA | C27: 1.2.1.3.1 | D27: Bombas instaladas | F27: =IFERROR(DATEDIF(H27,I27,"D"),0) -> 0 | G27: =IFERROR(NETWORKDAYS.INTL(H27,I27),0) -> 0
A28: 5 | B28: SCA | C28: 1.2.1.3.2 | F28: =IFERROR(DATEDIF(H28,I28,"D"),0) -> 0 | G28: =IFERROR(NETWORKDAYS.INTL(H28,I28),0) -> 0
A29: 5 | B29: SCA | C29: 1.2.1.3.3 | F29: =IFERROR(DATEDIF(H29,I29,"D"),0) -> 0 | G29: =IFERROR(NETWORKDAYS.INTL(H29,I29),0) -> 0
A30: 5 | B30: SCA | C30: 1.2.1.3.4 | F30: =IFERROR(DATEDIF(H30,I30,"D"),0) -> 0 | G30: =IFERROR(NETWORKDAYS.INTL(H30,I30),0) -> 0
A31: 5 | B31: SCA | C31: 1.2.1.3.5 | F31: =IFERROR(DATEDIF(H31,I31,"D"),0) -> 0 | G31: =IFERROR(NETWORKDAYS.INTL(H31,I31),0) -> 0
A32: 5 | B32: SCA | C32: 1.2.1.3.6 | F32: =IFERROR(DATEDIF(H32,I32,"D"),0) -> 0 | G32: =IFERROR(NETWORKDAYS.INTL(H32,I32),0) -> 0
A33: 5 | B33: SCA | C33: 1.2.1.3.7 | F33: =IFERROR(DATEDIF(H33,I33,"D"),0) -> 0 | G33: =IFERROR(NETWORKDAYS.INTL(H33,I33),0) -> 0
A34: 5 | B34: SCA | C34: 1.2.1.3.8 | F34: =IFERROR(DATEDIF(H34,I34,"D"),0) -> 0 | G34: =IFERROR(NETWORKDAYS.INTL(H34,I34),0) -> 0
A35: 4 | B35: DISCIPLINA | C35: 1.2.1.4 | D35: ELÉTRICA | E35: =IFERROR(SUBTOTAL(1,E36:E43),"") | F35: =IFERROR(DATEDIF(H35,I35,"D"),0) -> 0 | G35: =IFERROR(NETWORKDAYS.INTL(H35,I35),0) -> 0 | H35: =MIN(H36:H43) -> 0 | I35: =MAX(I36:I43) -> 0
A36: 5 | B36: SCA | C36: 1.2.1.4.1 | F36: =IFERROR(DATEDIF(H36,I36,"D"),0) -> 0 | G36: =IFERROR(NETWORKDAYS.INTL(H36,I36),0) -> 0
A37: 5 | B37: SCA | C37: 1.2.1.4.2 | F37: =IFERROR(DATEDIF(H37,I37,"D"),0) -> 0 | G37: =IFERROR(NETWORKDAYS.INTL(H37,I37),0) -> 0
A38: 5 | B38: SCA | C38: 1.2.1.4.3 | F38: =IFERROR(DATEDIF(H38,I38,"D"),0) -> 0 | G38: =IFERROR(NETWORKDAYS.INTL(H38,I38),0) -> 0
A39: 5 | B39: SCA | C39: 1.2.1.4.4 | F39: =IFERROR(DATEDIF(H39,I39,"D"),0) -> 0 | G39: =IFERROR(NETWORKDAYS.INTL(H39,I39),0) -> 0
A40: 5 | B40: SCA | C40: 1.2.1.4.5 | F40: =IFERROR(DATEDIF(H40,I40,"D"),0) -> 0 | G40: =IFERROR(NETWORKDAYS.INTL(H40,I40),0) -> 0
A41: 5 | B41: SCA | C41: 1.2.1.4.6 | F41: =IFERROR(DATEDIF(H41,I41,"D"),0) -> 0 | G41: =IFERROR(NETWORKDAYS.INTL(H41,I41),0) -> 0
A42: 5 | B42: SCA | C42: 1.2.1.4.7 | F42: =IFERROR(DATEDIF(H42,I42,"D"),0) -> 0 | G42: =IFERROR(NETWORKDAYS.INTL(H42,I42),0) -> 0
A43: 5 | B43: SCA | C43: 1.2.1.4.8 | F43: =IFERROR(DATEDIF(H43,I43,"D"),0) -> 0 | G43: =IFERROR(NETWORKDAYS.INTL(H43,I43),0) -> 0
A44: 4 | B44: DISCIPLINA | C44: 1.2.1.5 | D44: INSTRUMENTAÇÃO | E44: =IFERROR(SUBTOTAL(1,E45:E52),"") | F44: =IFERROR(DATEDIF(H44,I44,"D"),0) -> 0 | G44: =IFERROR(NETWORKDAYS.INTL(H44,I44),0) -> 0 | H44: =MIN(H45:H52) -> 0 | I44: =MAX(I45:I52) -> 0
A45: 5 | B45: SCA | C45: 1.2.1.5.1 | F45: =IFERROR(DATEDIF(H45,I45,"D"),0) -> 0 | G45: =IFERROR(NETWORKDAYS.INTL(H45,I45),0) -> 0
A46: 5 | B46: SCA | C46: 1.2.1.5.2 | F46: =IFERROR(DATEDIF(H46,I46,"D"),0) -> 0 | G46: =IFERROR(NETWORKDAYS.INTL(H46,I46),0) -> 0
A47: 5 | B47: SCA | C47: 1.2.1.5.3 | F47: =IFERROR(DATEDIF(H47,I47,"D"),0) -> 0 | G47: =IFERROR(NETWORKDAYS.INTL(H47,I47),0) -> 0
A48: 5 | B48: SCA | C48: 1.2.1.5.4 | F48: =IFERROR(DATEDIF(H48,I48,"D"),0) -> 0 | G48: =IFERROR(NETWORKDAYS.INTL(H48,I48),0) -> 0
A49: 5 | B49: SCA | C49: 1.2.1.5.5 | F49: =IFERROR(DATEDIF(H49,I49,"D"),0) -> 0 | G49: =IFERROR(NETWORKDAYS.INTL(H49,I49),0) -> 0
A50: 5 | B50: SCA | C50: 1.2.1.5.6 | F50: =IFERROR(DATEDIF(H50,I50,"D"),0) -> 0 | G50: =IFERROR(NETWORKDAYS.INTL(H50,I50),0) -> 0
A51: 5 | B51: SCA | C51: 1.2.1.5.7 | F51: =IFERROR(DATEDIF(H51,I51,"D"),0) -> 0 | G51: =IFERROR(NETWORKDAYS.INTL(H51,I51),0) -> 0
A52: 5 | B52: SCA | C52: 1.2.1.5.8 | F52: =IFERROR(DATEDIF(H52,I52,"D"),0) -> 0 | G52: =IFERROR(NETWORKDAYS.INTL(H52,I52),0) -> 0
A53: 4 | B53: DISCIPLINA | C53: 1.2.1.6 | D53: AUTOMAÇÃO | E53: =IFERROR(SUBTOTAL(1,E54:E61),"") | F53: =IFERROR(DATEDIF(H53,I53,"D"),0) -> 0 | G53: =IFERROR(NETWORKDAYS.INTL(H53,I53),0) -> 0 | H53: =MIN(H54:H61) -> 0 | I53: =MAX(I54:I61) -> 0
A54: 5 | B54: SCA | C54: 1.2.1.6.1 | F54: =IFERROR(DATEDIF(H54,I54,"D"),0) -> 0 | G54: =IFERROR(NETWORKDAYS.INTL(H54,I54),0) -> 0
A55: 5 | B55: SCA | C55: 1.2.1.6.2 | F55: =IFERROR(DATEDIF(H55,I55,"D"),0) -> 0 | G55: =IFERROR(NETWORKDAYS.INTL(H55,I55),0) -> 0
A56: 5 | B56: SCA | C56: 1.2.1.6.3 | F56: =IFERROR(DATEDIF(H56,I56,"D"),0) -> 0 | G56: =IFERROR(NETWORKDAYS.INTL(H56,I56),0) -> 0
A57: 5 | B57: SCA | C57: 1.2.1.6.4 | F57: =IFERROR(DATEDIF(H57,I57,"D"),0) -> 0 | G57: =IFERROR(NETWORKDAYS.INTL(H57,I57),0) -> 0
A58: 5 | B58: SCA | C58: 1.2.1.6.5 | F58: =IFERROR(DATEDIF(H58,I58,"D"),0) -> 0 | G58: =IFERROR(NETWORKDAYS.INTL(H58,I58),0) -> 0
A59: 5 | B59: SCA | C59: 1.2.1.6.6 | F59: =IFERROR(DATEDIF(H59,I59,"D"),0) -> 0 | G59: =IFERROR(NETWORKDAYS.INTL(H59,I59),0) -> 0
A60: 5 | B60: SCA | C60: 1.2.1.6.7 | F60: =IFERROR(DATEDIF(H60,I60,"D"),0) -> 0 | G60: =IFERROR(NETWORKDAYS.INTL(H60,I60),0) -> 0
A61: 5 | B61: SCA | C61: 1.2.1.6.8 | F61: =IFERROR(DATEDIF(H61,I61,"D"),0) -> 0 | G61: =IFERROR(NETWORKDAYS.INTL(H61,I61),0) -> 0
A62: 3 | B62: ILHA DE PROCESSO | C62: 1.2.2 | D62: MOINHO DE GRÃOS | E62: =IFERROR(AVERAGE(E63,E72,E81,E90,E99,E108),"") | F62: =IFERROR(DATEDIF(H62,I62,"D"),0) -> 0 | G62: =IFERROR(NETWORKDAYS.INTL(H62,I62),0) -> 0 | H62: =MIN(H63,H72,H81,H90,H99,H108) -> 0 | I62: =MAX(I63,I72,I81,I90,I99,I108) -> 0
A63: 4 | B63: DISCIPLINA | C63: 1.2.2.1 | D63: CIVIL | E63: =IFERROR(SUBTOTAL(1,E64:E71),"") | F63: =IFERROR(DATEDIF(H63,I63,"D"),0) -> 0 | G63: =IFERROR(NETWORKDAYS.INTL(H63,I63),0) -> 0 | H63: =MIN(H64:H71) -> 0 | I63: =MAX(I64:I71) -> 0
A64: 5 | B64: SCA | C64: 1.2.2.1.1 | D64: SUMP - Estrutura Civil | F64: =IFERROR(DATEDIF(H64,I64,"D"),0) -> 0 | G64: =IFERROR(NETWORKDAYS.INTL(H64,I64),0) -> 0
A65: 5 | B65: SCA | C65: 1.2.2.1.2 | D65: Canaletas - Estrutura Civil | F65: =IFERROR(DATEDIF(H65,I65,"D"),0) -> 0 | G65: =IFERROR(NETWORKDAYS.INTL(H65,I65),0) -> 0
A66: 5 | B66: SCA | C66: 1.2.2.1.3 | D66: Caixa de Manobra - Estrutura Civil | F66: =IFERROR(DATEDIF(H66,I66,"D"),0) -> 0 | G66: =IFERROR(NETWORKDAYS.INTL(H66,I66),0) -> 0
A67: 5 | B67: SCA | C67: 1.2.2.1.4 | D67: Bacia de Contenção | F67: =IFERROR(DATEDIF(H67,I67,"D"),0) -> 0 | G67: =IFERROR(NETWORKDAYS.INTL(H67,I67),0) -> 0
A68: 5 | B68: SCA | C68: 1.2.2.1.5 | F68: =IFERROR(DATEDIF(H68,I68,"D"),0) -> 0 | G68: =IFERROR(NETWORKDAYS.INTL(H68,I68),0) -> 0
A69: 5 | B69: SCA | C69: 1.2.2.1.6 | F69: =IFERROR(DATEDIF(H69,I69,"D"),0) -> 0 | G69: =IFERROR(NETWORKDAYS.INTL(H69,I69),0) -> 0
A70: 5 | B70: SCA | C70: 1.2.2.1.7 | F70: =IFERROR(DATEDIF(H70,I70,"D"),0) -> 0 | G70: =IFERROR(NETWORKDAYS.INTL(H70,I70),0) -> 0
A71: 5 | B71: SCA | C71: 1.2.2.1.8 | F71: =IFERROR(DATEDIF(H71,I71,"D"),0) -> 0 | G71: =IFERROR(NETWORKDAYS.INTL(H71,I71),0) -> 0
A72: 4 | B72: DISCIPLINA | C72: 1.2.2.2 | D72: METÁLICA | E72: =IFERROR(SUBTOTAL(1,E73:E80),"") | F72: =IFERROR(DATEDIF(H72,I72,"D"),0) -> 0 | G72: =IFERROR(NETWORKDAYS.INTL(H72,I72),0) -> 0 | H72: =MIN(H73:H80) -> 0 | I72: =MAX(I73:I80) -> 0
A73: 5 | B73: SCA | C73: 1.2.2.2.1 | D73: SUMP - Grelhas | F73: =IFERROR(DATEDIF(H73,I73,"D"),0) -> 0 | G73: =IFERROR(NETWORKDAYS.INTL(H73,I73),0) -> 0
A74: 5 | B74: SCA | C74: 1.2.2.2.2 | D74: Canaletas - Grelhas | F74: =IFERROR(DATEDIF(H74,I74,"D"),0) -> 0 | G74: =IFERROR(NETWORKDAYS.INTL(H74,I74),0) -> 0
A75: 5 | B75: SCA | C75: 1.2.2.2.3 | D75: Caixa de Manobra - Grelha | F75: =IFERROR(DATEDIF(H75,I75,"D"),0) -> 0 | G75: =IFERROR(NETWORKDAYS.INTL(H75,I75),0) -> 0
A76: 5 | B76: SCA | C76: 1.2.2.2.4 | F76: =IFERROR(DATEDIF(H76,I76,"D"),0) -> 0 | G76: =IFERROR(NETWORKDAYS.INTL(H76,I76),0) -> 0
A77: 5 | B77: SCA | C77: 1.2.2.2.5 | F77: =IFERROR(DATEDIF(H77,I77,"D"),0) -> 0 | G77: =IFERROR(NETWORKDAYS.INTL(H77,I77),0) -> 0
A78: 5 | B78: SCA | C78: 1.2.2.2.6 | F78: =IFERROR(DATEDIF(H78,I78,"D"),0) -> 0 | G78: =IFERROR(NETWORKDAYS.INTL(H78,I78),0) -> 0
A79: 5 | B79: SCA | C79: 1.2.2.2.7 | F79: =IFERROR(DATEDIF(H79,I79,"D"),0) -> 0 | G79: =IFERROR(NETWORKDAYS.INTL(H79,I79),0) -> 0
A80: 5 | B80: SCA | C80: 1.2.2.2.8 | F80: =IFERROR(DATEDIF(H80,I80,"D"),0) -> 0 | G80: =IFERROR(NETWORKDAYS.INTL(H80,I80),0) -> 0
A81: 4 | B81: DISCIPLINA | C81: 1.2.2.3 | D81: MECÂNICA | E81: =IFERROR(SUBTOTAL(1,E82:E89),"") | F81: =IFERROR(DATEDIF(H81,I81,"D"),0) -> 0 | G81: =IFERROR(NETWORKDAYS.INTL(H81,I81),0) -> 0 | H81: =MIN(H82:H89) -> 0 | I81: =MAX(I82:I89) -> 0
A82: 5 | B82: SCA | C82: 1.2.2.3.1 | D82: Caixa de Manobra - Válvulas | F82: =IFERROR(DATEDIF(H82,I82,"D"),0) -> 0 | G82: =IFERROR(NETWORKDAYS.INTL(H82,I82),0) -> 0
A83: 5 | B83: SCA | C83: 1.2.2.3.2 | F83: =IFERROR(DATEDIF(H83,I83,"D"),0) -> 0 | G83: =IFERROR(NETWORKDAYS.INTL(H83,I83),0) -> 0
A84: 5 | B84: SCA | C84: 1.2.2.3.3 | F84: =IFERROR(DATEDIF(H84,I84,"D"),0) -> 0 | G84: =IFERROR(NETWORKDAYS.INTL(H84,I84),0) -> 0
A85: 5 | B85: SCA | C85: 1.2.2.3.4 | F85: =IFERROR(DATEDIF(H85,I85,"D"),0) -> 0 | G85: =IFERROR(NETWORKDAYS.INTL(H85,I85),0) -> 0
A86: 5 | B86: SCA | C86: 1.2.2.3.5 | F86: =IFERROR(DATEDIF(H86,I86,"D"),0) -> 0 | G86: =IFERROR(NETWORKDAYS.INTL(H86,I86),0) -> 0
A87: 5 | B87: SCA | C87: 1.2.2.3.6 | F87: =IFERROR(DATEDIF(H87,I87,"D"),0) -> 0 | G87: =IFERROR(NETWORKDAYS.INTL(H87,I87),0) -> 0
A88: 5 | B88: SCA | C88: 1.2.2.3.7 | F88: =IFERROR(DATEDIF(H88,I88,"D"),0) -> 0 | G88: =IFERROR(NETWORKDAYS.INTL(H88,I88),0) -> 0
A89: 5 | B89: SCA | C89: 1.2.2.3.8 | F89: =IFERROR(DATEDIF(H89,I89,"D"),0) -> 0 | G89: =IFERROR(NETWORKDAYS.INTL(H89,I89),0) -> 0
A90: 4 | B90: DISCIPLINA | C90: 1.2.2.4 | D90: ELÉTRICA | E90: =IFERROR(SUBTOTAL(1,E91:E98),"") | F90: =IFERROR(DATEDIF(H90,I90,"D"),0) -> 0 | G90: =IFERROR(NETWORKDAYS.INTL(H90,I90),0) -> 0 | H90: =MIN(H91:H98) -> 0 | I90: =MAX(I91:I98) -> 0
A91: 5 | B91: SCA | C91: 1.2.2.4.1 | F91: =IFERROR(DATEDIF(H91,I91,"D"),0) -> 0 | G91: =IFERROR(NETWORKDAYS.INTL(H91,I91),0) -> 0
A92: 5 | B92: SCA | C92: 1.2.2.4.2 | F92: =IFERROR(DATEDIF(H92,I92,"D"),0) -> 0 | G92: =IFERROR(NETWORKDAYS.INTL(H92,I92),0) -> 0
A93: 5 | B93: SCA | C93: 1.2.2.4.3 | F93: =IFERROR(DATEDIF(H93,I93,"D"),0) -> 0 | G93: =IFERROR(NETWORKDAYS.INTL(H93,I93),0) -> 0
A94: 5 | B94: SCA | C94: 1.2.2.4.4 | F94: =IFERROR(DATEDIF(H94,I94,"D"),0) -> 0 | G94: =IFERROR(NETWORKDAYS.INTL(H94,I94),0) -> 0
A95: 5 | B95: SCA | C95: 1.2.2.4.5 | F95: =IFERROR(DATEDIF(H95,I95,"D"),0) -> 0 | G95: =IFERROR(NETWORKDAYS.INTL(H95,I95),0) -> 0
A96: 5 | B96: SCA | C96: 1.2.2.4.6 | F96: =IFERROR(DATEDIF(H96,I96,"D"),0) -> 0 | G96: =IFERROR(NETWORKDAYS.INTL(H96,I96),0) -> 0
A97: 5 | B97: SCA | C97: 1.2.2.4.7 | F97: =IFERROR(DATEDIF(H97,I97,"D"),0) -> 0 | G97: =IFERROR(NETWORKDAYS.INTL(H97,I97),0) -> 0
A98: 5 | B98: SCA | C98: 1.2.2.4.8 | F98: =IFERROR(DATEDIF(H98,I98,"D"),0) -> 0 | G98: =IFERROR(NETWORKDAYS.INTL(H98,I98),0) -> 0
A99: 4 | B99: DISCIPLINA | C99: 1.2.2.5 | D99: INSTRUMENTAÇÃO | E99: =IFERROR(SUBTOTAL(1,E100:E107),"") | F99: =IFERROR(DATEDIF(H99,I99,"D"),0) -> 0 | G99: =IFERROR(NETWORKDAYS.INTL(H99,I99),0) -> 0 | H99: =MIN(H100:H107) -> 0 | I99: =MAX(I100:I107) -> 0
A100: 5 | B100: SCA | C100: 1.2.2.5.1 | D100: SUMP - Bombas Instaladas | F100: =IFERROR(DATEDIF(H100,I100,"D"),0) -> 0 | G100: =IFERROR(NETWORKDAYS.INTL(H100,I100),0) -> 0
...

Sheet Árvore de Localização
B2: MACRO ÁREA | C2: ILHA DE PROCESSO | D2: PROCESSO | F2: TIPO | G2: CÓDIGO | H2: DESCRIÇÃO | I2: CÓDIGO + DESCRIÇÃO
B3: Geral | C3: Geral | D3: Pipe Rack | F3: Macro área | G3: 21. | H3: Geral | I3: =_xlfn.CONCAT(G3," ",H3) -> 21. Geral
B4: Geral | C4: Geral | D4: Terraplenagem | F4: Ilha de processo de processo | G4: 2100. | H4: Geral | I4: =_xlfn.CONCAT(G4," ",H4) -> 2100. Geral
B5: Geral | C5: Geral | D5: Drenagem | F5: Processo | G5: 2100.A | H5: Pipe Rack | I5: =_xlfn.CONCAT(G5," ",H5) -> 2100.A Pipe Rack
B6: Geral | C6: Geral | D6: Pavimentação | F6: Processo | G6: 2100.B | H6: Terraplenagem (Camada Vegetal, Tratamento de Sub-Leito, Compactação de Aterro) | I6: =_xlfn.CONCAT(G6," ",H6) -> 2100.B Terraplenagem (Camada Vegetal, Tratamento de Sub-Leito, Compactação de Aterro)
B7: Geral | C7: Geral | D7: Hangar | F7: Processo | G7: 2100.C | H7: Drenagem (Boca de Lobo, Poço de Visita, Caixa de Coleta, Tubo, Meio Fio) | I7: =_xlfn.CONCAT(G7," ",H7) -> 2100.C Drenagem (Boca de Lobo, Poço de Visita, Caixa de Coleta, Tubo, Meio Fio)
B8: Geral | C8: Geral | D8: Dissipador | F8: Processo | G8: 2100.D | H8: Pavimentação (Cascalho, Tratamento de Sub-Base e Base, Imprimação, CBUQ) | I8: =_xlfn.CONCAT(G8," ",H8) -> 2100.D Pavimentação (Cascalho, Tratamento de Sub-Base e Base, Imprimação, CBUQ)
B9: Geral | C9: Geral | D9: Trevo de Acesso | F9: Processo | G9: 2100.E | H9: Hangar (Aeroporto) | I9: =_xlfn.CONCAT(G9," ",H9) -> 2100.E Hangar (Aeroporto)
B10: Etanol | C10: Moinho de Grãos | D10: =C10 -> Moinho de Grãos | F10: Processo | G10: 2100.H | H10: Reservatório de Detenção de Água Pluvial (Dissipador) | I10: =_xlfn.CONCAT(G10," ",H10) -> 2100.H Reservatório de Detenção de Água Pluvial (Dissipador)
B11: Etanol | C11: Cozimento | D11: Mash Milling | F11: Processo | G11: 2100.I | H11: Trevo de Acesso | I11: =_xlfn.CONCAT(G11," ",H11) -> 2100.I Trevo de Acesso
B12: Etanol | C12: Cozimento | D12: Liquefação | F12: Macro área | G12: 21B. | H12: Etanol | I12: =_xlfn.CONCAT(G12," ",H12) -> 21B. Etanol
B13: Etanol | C13: Cozimento | D13: Dióxido de Cloro | F13: Ilha de processo | G13: 2111. | H13: Moinho de Grãos | I13: =_xlfn.CONCAT(G13," ",H13) -> 2111. Moinho de Grãos
B14: Etanol | C14: Cozimento | D14: Selective Grind Technology (SGT) | F14: Ilha de processo | G14: 2102. | H14: Cozimento | I14: =_xlfn.CONCAT(G14," ",H14) -> 2102. Cozimento
B15: Etanol | C15: Cozimento | D15: Clean In Place (CIP) | F15: Processo | G15: 2102.A | H15: Mash Milling | I15: =_xlfn.CONCAT(G15," ",H15) -> 2102.A Mash Milling
B16: Etanol | C16: Fermentação | D16: Propagação do Fermento | F16: Processo | G16: 2102.B | H16: Liquefação | I16: =_xlfn.CONCAT(G16," ",H16) -> 2102.B Liquefação
B17: Etanol | C17: Fermentação | D17: Dornas de Fermentação | F17: Processo | G17: 2102.C | H17: Dióxido de Cloro | I17: =_xlfn.CONCAT(G17," ",H17) -> 2102.C Dióxido de Cloro
B18: Etanol | C18: Fermentação | D18: Recuperação de CO₂ | F18: Processo | G18: 2102.D | H18: Selective Grind Technology (SGT) | I18: =_xlfn.CONCAT(G18," ",H18) -> 2102.D Selective Grind Technology (SGT)
B19: Etanol | C19: Fermentação | D19: Químicos | F19: Processo | G19: 2102.E | H19: Clean In Place (CIP) | I19: =_xlfn.CONCAT(G19," ",H19) -> 2102.E Clean In Place (CIP)
B20: Etanol | C20: Fermentação | D20: Enzimas | F20: Macro área | G20: 2106. | H20: Fermentação | I20: =_xlfn.CONCAT(G20," ",H20) -> 2106. Fermentação
B21: Etanol | C21: Destilaria | D21: Dorna Volante | F21: Ilha de processo | G21: 2106.A | H21: Propagação do Fermento | I21: =_xlfn.CONCAT(G21," ",H21) -> 2106.A Propagação do Fermento
B22: Etanol | C22: Destilaria | D22: Destilaria de Etanol Hidratado | F22: Processo | G22: 2106.B | H22: Dornas de Fermentação | I22: =_xlfn.CONCAT(G22," ",H22) -> 2106.B Dornas de Fermentação
... B52: Utilidades | C52: Sistema de Combate a Incêndio | D52: SPCI | F52: Ilha de processo | G52: 2101. | H52: Geração de Vapor | I52: =_xlfn.CONCAT(G52," ",H52) -> 2101. Geração de Vapor
B53: Utilidades | C53: Sistema de Selagem | D53: =C53 -> Sistema de Selagem | F53: Processo | G53: 2101.A | H53: Caldeira | I53: =_xlfn.CONCAT(G53," ",H53) -> 2101.A Caldeira
B54: Grãos | C54: Recebimento de Grãos | D54: Classificação | F54: Processo | G54: 2101.B | H54: Armazenamento de Água Desmineralizada | I54: =_xlfn.CONCAT(G54," ",H54) -> 2101.B Armazenamento de Água Desmineralizada
B55: Grãos | C55: Recebimento de Grãos | D55: Balança Rodoviária | F55: Processo | G55: 2101.C | H55: Estação Redutora de Pressão | I55: =_xlfn.CONCAT(G55," ",H55) -> 2101.C Estação Redutora de Pressão
B56: Grãos | C56: Recebimento de Grãos | D56: Faturamento | F56: Processo | G56: 2101.D | H56: Caldeira de Cinzas | I56: =_xlfn.CONCAT(G56," ",H56) -> 2101.D Caldeira de Cinzas
B57: Grãos | C57: Descarregamento e Armazenamento de Grãos | D57: Tombador | F57: Ilha de processo | G57: 2104. | H57: Geração de Energia | I57: =_xlfn.CONCAT(G57," ",H57) -> 2104. Geração de Energia
B58: Grãos | C58: Descarregamento e Armazenamento de Grãos | D58: Casa de Máquinas | F58: Processo | G58: 2104.A | H58: Casa de Força | I58: =_xlfn.CONCAT(G58," ",H58) -> 2104.A Casa de Força
B59: Grãos | C59: Descarregamento e Armazenamento de Grãos | D59: Pré-Limpeza | F59: Processo | G59: 2104.B | H59: Subestação e Distribuição de Energia | I59: =_xlfn.CONCAT(G59," ",H59) -> 2104.B Subestação e Distribuição de Energia
B60: Grãos | C60: Descarregamento e Armazenamento de Grãos | D60: Moega | F60: Ilha de processo | G60: 2121. | H60: Sistema de Geração de Ar Comprimido | I60: =_xlfn.CONCAT(G60," ",H60) -> 2121. Sistema de Geração de Ar Comprimido
B61: Grãos | C61: Descarregamento e Armazenamento de Grãos | D61: Elevador | F61: Processo | G61: 2121.A | H61: Geração e Distribuição de Ar Comprimido | I61: =_xlfn.CONCAT(G61," ",H61) -> 2121.A Geração e Distribuição de Ar Comprimido
B62: Grãos | C62: Descarregamento e Armazenamento de Grãos | D62: Armazenamento de Grãos | F62: Ilha de processo | G62: 2110. | H62: Estação de Tratamento de Água (ETA) | I62: =_xlfn.CONCAT(G62," ",H62) -> 2110. Estação de Tratamento de Água (ETA)
B63: Grãos | C63: Descarregamento e Armazenamento de Grãos | D63: Secagem de Grãos | F63: Processo | G63: 2110.A | H63: Poços Artesianos | I63: =_xlfn.CONCAT(G63," ",H63) -> 2110.A Poços Artesianos
B64: Administração | C64: Administração | D64: Portaria | F64: Processo | G64: 2110.B | H64: Osmose | I64: =_xlfn.CONCAT(G64," ",H64) -> 2110.B Osmose
B65: Administração | C65: Administração | D65: Vestiário | F65: Processo | G65: 2110.C | H65: Armazenamento de Água Bruta | I65: =_xlfn.CONCAT(G65," ",H65) -> 2110.C Armazenamento de Água Bruta
... B89: Efluentes | C89: Estação de Tratamento de Efluentes (ETE) | D89: Fertirrigação | F89: Processo | G89: 2123.G | H89: Oficina de Lubrificação | I89: =_xlfn.CONCAT(G89," ",H89) -> 2123.G Oficina de Lubrificação
F90: Processo | G90: 2123.H | H90: Manutenção Industrial (Oficina Mecânica) | I90: =_xlfn.CONCAT(G90," ",H90) -> 2123.H Manutenção Industrial (Oficina Mecânica)
F91: Processo | G91: 2123.I | H91: Escritório Administrativo | I91: =_xlfn.CONCAT(G91," ",H91) -> 2123.I Escritório Administrativo
F92: Macro área | G92: 21H. | H92: Laboratórios | I92: =_xlfn.CONCAT(G92," ",H92) -> 21H. Laboratórios
F93: Ilha de processo | G93: 2126. | H93: Laboratórios | I93: =_xlfn.CONCAT(G93," ",H93) -> 2126. Laboratórios
F94: Processo | G94: 2126.A | H94: Laboratório – Matéria-Prima, Processo e Produto Final | I94: =_xlfn.CONCAT(G94," ",H94) -> 2126.A Laboratório – Matéria-Prima, Processo e Produto Final
F95: Processo | G95: 2126.B | H95: Centro de Operação Integrado (COI) | I95: =_xlfn.CONCAT(G95," ",H95) -> 2126.B Centro de Operação Integrado (COI)
F96: Macro área | G96: 21I. | H96: Efluentes | I96: =_xlfn.CONCAT(G96," ",H96) -> 21I. Efluentes
F97: Ilha de processo | G97: 2103. | H97: Estação de Tratamento de Efluentes (ETE) | I97: =_xlfn.CONCAT(G97," ",H97) -> 2103. Estação de Tratamento de Efluentes (ETE)
F98: Processo | G98: 2103.A | H98: Rede de Esgoto e do Resíduo do Processo Industrial | I98: =_xlfn.CONCAT(G98," ",H98) -> 2103.A Rede de Esgoto e do Resíduo do Processo Industrial
F99: Processo | G99: 2103.B | H99: Tratamento de Efluentes (Lagoas) | I99: =_xlfn.CONCAT(G99," ",H99) -> 2103.B Tratamento de Efluentes (Lagoas)
F100: Processo | G100: 2103.C | H100: Depósito de Resíduos Sólidos | I100: =_xlfn.CONCAT(G100," ",H100) -> 2103.C Depósito de Resíduos Sólidos
F101: Processo | G101: 2103.D | H101: Fertirrigação | I101: =_xlfn.CONCAT(G101," ",H101) -> 2103.D Fertirrigação
